# Spectrometer ID,spectrometer
# Timestamp,2026-06-10 12:03:43
# Integration Time (ms),50.0
# Average Count,3

Wavelength (nm),Intensity
198.57864980050817,1643.6666666666667
198.66855625159934,1643.6666666666667
198.75846484104966,1643.0
198.84837556811937,1601.3333333333333
198.93828843206865,1631.0
199.02820343215774,1659.0
199.11812056764677,1644.3333333333333
199.208039837796,1631.3333333333333
199.2979612418656,1636.3333333333333
199.3878847791158,1649.3333333333333
199.4778104488068,1685.3333333333333
199.56773825019872,1688.0
199.65766818255184,1674.0
199.74760024512636,1681.3333333333333
199.83753443718246,1673.3333333333333
199.9274707579803,1659.0
200.01740920678017,1673.6666666666667
200.10734978284222,1650.0
200.1972924854266,1652.3333333333333
200.28723731379358,1653.0
200.37718426720335,1682.0
200.46713334491614,1632.0
200.55708454619204,1658.0
200.64703787029137,1644.6666666666667
200.73699331647424,1675.0
200.82695088400092,1648.0
200.91691057213157,1671.0
201.00687238012637,1662.3333333333333
201.0968363072456,1638.6666666666667
201.18680235274942,1653.3333333333333
201.27677051589797,1693.0
201.3667407959515,1633.3333333333333
201.45671319217027,1672.3333333333333
201.54668770381437,1680.6666666666667
201.63666433014404,1678.3333333333333
201.7266430704195,1650.3333333333333
201.81662392390098,1646.3333333333333
201.90660688984863,1628.0
201.99659196752262,1631.3333333333333
202.0865791561832,1632.3333333333333
202.17656845509057,1636.3333333333333
202.26655986350494,1626.3333333333333
202.35655338068645,1633.6666666666667
202.44654900589535,1663.3333333333333
202.53654673839188,1638.6666666666667
202.62654657743613,1642.3333333333333
202.71654852228838,1656.6666666666667
202.8065525722088,1651.6666666666667
202.89655872645764,1638.6666666666667
202.986566984295,1679.0
203.07657734498116,1669.6666666666667
203.16658980777632,1650.6666666666667
203.25660437194065,1645.0
203.34662103673438,1661.6666666666667
203.43663980141767,1710.6666666666667
203.52666066525074,1688.6666666666667
203.61668362749376,1683.3333333333333
203.706708687407,1666.3333333333333
203.7967358442506,1677.3333333333333
203.8867650972848,1648.0
203.9767964457698,1631.3333333333333
204.0668298889657,1649.6666666666667
204.15686542613284,1665.3333333333333
204.24690305653138,1690.6666666666667
204.33694277942146,1661.6666666666667
204.42698459406333,1646.0
204.51702849971718,1648.6666666666667
204.60707449564322,1630.3333333333333
204.69712258110164,1652.3333333333333
204.7871727553526,1659.3333333333333
204.87722501765637,1649.3333333333333
204.96727936727314,1643.3333333333333
205.05733580346305,1645.0
205.14739432548635,1644.3333333333333
205.23745493260327,1692.3333333333333
205.32751762407392,1689.6666666666667
205.41758239915856,1688.3333333333333
205.50764925711738,1680.6666666666667
205.5977181972106,1698.0
205.6877892186984,1646.0
205.777862320841,1629.0
205.8679375028985,1642.3333333333333
205.95801476413126,1705.3333333333333
206.04809410379934,1674.6666666666667
206.13817552116305,1658.3333333333333
206.2282590154825,1651.0
206.318344586018,1623.6666666666667
206.40843223202958,1655.0
206.49852195277762,1627.0
206.5886137475222,1609.0
206.6787076155236,1622.0
206.76880355604195,1653.6666666666667
206.85890156833744,1676.0
206.94900165167036,1666.0
207.03910380530084,1673.3333333333333
207.12920802848913,1679.3333333333333
207.21931432049536,1679.3333333333333
207.3094226805798,1701.0
207.39953310800263,1652.3333333333333
207.48964560202398,1630.6666666666667
207.57976016190418,1662.0
207.66987678690333,1667.3333333333333
207.75999547628166,1631.3333333333333
207.85011622929935,1602.0
207.94023904521663,1641.0
208.03036392329375,1667.3333333333333
208.12049086279077,1665.0
208.210619862968,1694.0
208.30075092308562,1669.3333333333333
208.3908840424038,1664.3333333333333
208.4810192201828,1683.6666666666667
208.5711564556827,1633.6666666666667
208.66129574816384,1650.6666666666667
208.75143709688638,1641.0
208.84158050111046,1674.0
208.93172596009632,1664.3333333333333
209.02187347310414,1670.6666666666667
209.1120230393942,1696.3333333333333
209.20217465822662,1688.3333333333333
209.2923283288616,1616.6666666666667
209.38248405055938,1644.0
209.47264182258013,1652.3333333333333
209.56280164418405,1618.6666666666667
209.65296351463135,1639.3333333333333
209.74312743318225,1637.0
209.83329339909693,1667.6666666666667
209.92346141163557,1668.0
210.01363147005839,1665.6666666666667
210.10380357362564,1656.0
210.1939777215974,1680.6666666666667
210.28415391323395,1638.3333333333333
210.3743321477955,1659.6666666666667
210.46451242454228,1657.3333333333333
210.55469474273437,1632.6666666666667
210.64487910163203,1634.6666666666667
210.7350655004955,1640.3333333333333
210.82525393858498,1647.3333333333333
210.9154444151606,1636.6666666666667
211.00563692948262,1648.0
211.09583148081117,1645.3333333333333
211.18602806840659,1639.6666666666667
211.27622669152893,1669.0
211.36642734943845,1657.3333333333333
211.45663004139536,1654.3333333333333
211.54683476665986,1653.0
211.63704152449213,1636.3333333333333
211.72725031415237,1633.0
211.8174611349008,1654.6666666666667
211.9076739859976,1699.6666666666667
211.997888866703,1687.6666666666667
212.08810577627716,1654.0
212.17832471398034,1687.0
212.26854567907264,1711.0
212.35876867081438,1658.0
212.44899368846566,1663.6666666666667
212.53922073128675,1666.0
212.62944979853776,1670.0
212.71968088947898,1644.0
212.8099140033706,1663.0
212.9001491394728,1665.0
212.99038629704577,1672.0
213.0806254753497,1677.0
213.17086667364484,1722.6666666666667
213.26110989119138,1708.0
213.35135512724946,1632.3333333333333
213.44160238107932,1672.3333333333333
213.53185165194114,1679.0
213.6221029390952,1652.0
213.71235624180161,1661.0
213.80261155932058,1657.3333333333333
213.89286889091235,1687.6666666666667
213.98312823583714,1651.6666666666667
214.07338959335505,1663.0
214.16365296272636,1690.3333333333333
214.25391834321127,1673.6666666666667
214.34418573406992,1684.3333333333333
214.43445513456257,1668.3333333333333
214.5247265439494,1662.6666666666667
214.6149999614906,1667.0
214.7052753864464,1659.3333333333333
214.79555281807697,1638.6666666666667
214.8858322556425,1636.0
214.97611369840325,1663.0
215.06639714561936,1636.3333333333333
215.15668259655104,1622.0
215.24697005045851,1646.3333333333333
215.33725950660198,1658.3333333333333
215.4275509642416,1601.3333333333333
215.5178444226376,1642.6666666666667
215.6081398810502,1692.0
215.69843733873958,1707.6666666666667
215.78873679496593,1630.6666666666667
215.87903824898945,1628.6666666666667
215.96934170007037,1639.0
216.05964714746887,1662.0
216.14995459044513,1646.3333333333333
216.2402640282594,1649.6666666666667
216.3305754601718,1629.0
216.4208888854426,1655.0
216.51120430333202,1690.6666666666667
216.60152171310017,1677.6666666666667
216.69184111400733,1658.6666666666667
216.78216250531364,1655.0
216.87248588627935,1629.3333333333333
216.96281125616463,1642.6666666666667
217.05313861422974,1640.6666666666667
217.14346795973478,1677.0
217.23379929194002,1673.6666666666667
217.3241326101056,1671.6666666666667
217.41446791349182,1653.0
217.50480520135878,1653.3333333333333
217.59514447296672,1650.0
217.68548572757584,1686.0
217.77582896444636,1658.3333333333333
217.86617418283845,1651.6666666666667
217.9565213820123,1669.0
218.04687056122813,1660.3333333333333
218.1372217197462,1658.6666666666667
218.2275748568266,1661.6666666666667
218.3179299717296,1640.0
218.40828706371536,1645.6666666666667
218.49864613204412,1653.3333333333333
218.58900717597606,1637.6666666666667
218.67937019477134,1663.3333333333333
218.76973518769026,1656.0
218.86010215399293,1634.6666666666667
218.95047109293958,1633.6666666666667
219.0408420037904,1623.3333333333333
219.1312148858056,1623.3333333333333
219.2215897382454,1616.0
219.31196656036997,1658.0
219.40234535143952,1655.0
219.49272611071427,1624.6666666666667
219.58310883745438,1617.3333333333333
219.67349353092007,1683.3333333333333
219.7638801903715,1697.3333333333333
219.854268815069,1642.6666666666667
219.9446594042726,1594.6666666666667
220.0350519572426,1598.3333333333333
220.1254464732392,1654.0
220.21584295152257,1656.3333333333333
220.30624139135293,1697.3333333333333
220.39664179199045,1666.0
220.48704415269535,1649.3333333333333
220.57744847272787,1649.3333333333333
220.6678547513481,1662.6666666666667
220.75826298781635,1607.0
220.84867318139283,1592.0
220.93908533133762,1644.6666666666667
221.029499436911,1659.6666666666667
221.11991549737314,1647.6666666666667
221.21033351198435,1644.0
221.30075348000466,1633.0
221.39117540069435,1668.6666666666667
221.48159927331363,1653.0
221.57202509712275,1640.3333333333333
221.66245287138176,1670.6666666666667
221.752882595351,1636.3333333333333
221.84331426829058,1627.0
221.9337478894608,1633.0
222.02418345812177,1646.0
222.11462097353373,1658.3333333333333
222.20506043495683,1696.0
222.29550184165137,1675.3333333333333
222.38594519287747,1661.0
222.47639048789532,1673.3333333333333
222.5668377259652,1656.3333333333333
222.6572869063472,1651.6666666666667
222.74773802830163,1664.0
222.8381910910886,1636.3333333333333
222.92864609396838,1624.3333333333333
223.01910303620113,1632.3333333333333
223.10956191704707,1662.6666666666667
223.20002273576634,1619.6666666666667
223.29048549161925,1633.0
223.3809501838659,1644.0
223.47141681176657,1655.3333333333333
223.56188537458138,1669.6666666666667
223.65235587157062,1667.6666666666667
223.74282830199442,1647.0
223.83330266511297,1641.0
223.9237789601865,1598.6666666666667
224.01425718647525,1628.0
224.10473734323938,1641.0
224.19521942973904,1680.6666666666667
224.28570344523453,1681.0
224.37618938898598,1670.3333333333333
224.4666772602536,1687.0
224.5571670582976,1679.3333333333333
224.6476587823782,1623.0
224.73815243175557,1626.3333333333333
224.82864800568993,1639.0
224.91914550344146,1649.0
225.0096449242704,1666.0
225.10014626743686,1650.6666666666667
225.1906495322011,1623.0
225.28115471782337,1614.3333333333333
225.37166182356378,1633.0
225.46217084868263,1651.3333333333333
225.55268179243998,1637.0
225.64319465409616,1646.6666666666667
225.73370943291135,1621.3333333333333
225.82422612814565,1602.3333333333333
225.91474473905936,1612.0
226.00526526491265,1634.0
226.09578770496574,1628.3333333333333
226.1863120584788,1619.6666666666667
226.276838324712,1600.0
226.3673665029256,1617.6666666666667
226.45789659237983,1638.0
226.54842859233477,1640.6666666666667
226.63896250205073,1631.0
226.72949832078785,1602.3333333333333
226.82003604780638,1587.3333333333333
226.91057568236644,1609.0
227.00111722372833,1640.0
227.09166067115217,1632.0
227.1822060238982,1644.3333333333333
227.2727532812266,1628.0
227.36330244239758,1606.6666666666667
227.45385350667138,1629.3333333333333
227.54440647330813,1633.6666666666667
227.63496134156804,1622.0
227.72551811071136,1612.3333333333333
227.81607677999824,1583.0
227.90663734868892,1629.6666666666667
227.99719981604358,1706.3333333333333
228.08776418132237,1706.3333333333333
228.17833044378563,1678.6666666666667
228.2688986026934,1668.3333333333333
228.35946865730597,1633.6666666666667
228.4500406068835,1610.6666666666667
228.54061445068626,1625.0
228.63119018797437,1643.6666666666667
228.72176781800803,1644.0
228.8123473400475,1645.0
228.90292875335297,1627.6666666666667
228.9935120571846,1642.0
229.0840972508026,1637.6666666666667
229.17468433346724,1647.6666666666667
229.26527330443858,1684.3333333333333
229.3558641629769,1645.0
229.44645690834244,1641.3333333333333
229.53705153979533,1598.6666666666667
229.62764805659586,1625.0
229.71824645800413,1650.0
229.80884674328036,1635.0
229.89944891168483,1595.3333333333333
229.99005296247762,1627.6666666666667
230.080658894919,1634.3333333333333
230.17126670826917,1645.3333333333333
230.26187640178836,1615.6666666666667
230.35248797473665,1605.0
230.44310142637437,1586.3333333333333
230.53371675596165,1606.3333333333333
230.62433396275873,1617.0
230.71495304602578,1681.0
230.805574005023,1684.3333333333333
230.8961968390106,1663.6666666666667
230.9868215472488,1611.6666666666667
231.07744812899776,1606.3333333333333
231.16807658351772,1663.0
231.25870691006884,1683.3333333333333
231.34933910791136,1641.6666666666667
231.43997317630544,1631.3333333333333
231.53060911451132,1674.6666666666667
231.62124692178918,1659.6666666666667
231.7118865973992,1629.0
231.80252814060162,1649.3333333333333
231.8931715506566,1638.6666666666667
231.98381682682435,1654.0
232.07446396836514,1630.3333333333333
232.16511297453903,1643.6666666666667
232.25576384460635,1640.3333333333333
232.34641657782726,1633.6666666666667
232.43707117346193,1656.0
232.52772763077056,1685.6666666666667
232.61838594901343,1657.0
232.70904612745062,1617.6666666666667
232.79970816534242,1644.3333333333333
232.89037206194897,1651.6666666666667
232.98103781653052,1640.3333333333333
233.07170542834726,1651.6666666666667
233.16237489665937,1634.3333333333333
233.25304622072704,1653.3333333333333
233.34371939981054,1647.6666666666667
233.43439443316998,1651.3333333333333
233.5250713200656,1617.0
233.6157500597576,1653.0
233.70643065150617,1668.6666666666667
233.79711309457159,1645.6666666666667
233.88779738821393,1633.3333333333333
233.97848353169343,1632.6666666666667
234.06917152427036,1629.3333333333333
234.15986136520485,1630.6666666666667
234.2505530537571,1648.6666666666667
234.34124658918736,1638.3333333333333
234.4319419707558,1672.0
234.5226391977226,1687.0
234.61333826934802,1643.6666666666667
234.70403918489217,1684.0
234.79474194361535,1673.6666666666667
234.88544654477766,1661.6666666666667
234.97615298763935,1617.6666666666667
235.06686127146068,1607.0
235.15757139550172,1586.3333333333333
235.2482833590228,1598.6666666666667
235.338997161284,1637.0
235.4297128015456,1675.3333333333333
235.5204302790678,1634.0
235.61114959311078,1600.3333333333333
235.70187074293472,1609.0
235.79259372779987,1649.0
235.88331854696636,1668.6666666666667
235.97404519969444,1633.6666666666667
236.06477368524432,1638.0
236.15550400287617,1627.0
236.2462361518502,1621.0
236.33697013142663,1668.0
236.4277059408656,1676.3333333333333
236.51844357942738,1666.0
236.60918304637212,1643.6666666666667
236.69992434096005,1657.0
236.79066746245135,1627.0
236.88141241010624,1641.0
236.9721591831849,1672.6666666666667
237.06290778094757,1627.6666666666667
237.15365820265438,1639.6666666666667
237.24441044756563,1652.0
237.3351645149414,1641.0
237.42592040404196,1628.0
237.51667811412756,1618.3333333333333
237.60743764445826,1612.3333333333333
237.69819899429436,1577.3333333333333
237.78896216289604,1664.0
237.87972714952352,1653.3333333333333
237.97049395343697,1635.6666666666667
238.0612625738966,1650.0
238.1520330101626,1638.0
238.24280526149522,1621.0
238.33357932715458,1615.0
238.42435520640092,1639.0
238.51513289849444,1616.6666666666667
238.60591240269534,1646.0
238.69669371826387,1699.6666666666667
238.78747684446012,1688.0
238.87826178054436,1690.3333333333333
238.96904852577683,1649.3333333333333
239.05983707941763,1587.0
239.150627440727,1654.3333333333333
239.24141960896517,1706.3333333333333
239.33221358339233,1631.0
239.42300936326865,1642.0
239.51380694785436,1651.3333333333333
239.60460633640963,1639.6666666666667
239.69540752819475,1648.3333333333333
239.78621052246976,1672.0
239.877015318495,1660.0
239.96782191553064,1638.0
240.0586303128368,1583.0
240.14944050967378,1635.0
240.24025250530173,1625.6666666666667
240.33106629898083,1607.3333333333333
240.4218818899714,1576.6666666666667
240.51269927753344,1598.0
240.60351846092732,1614.0
240.69433943941317,1638.3333333333333
240.7851622122512,1629.0
240.87598677870162,1669.3333333333333
240.96681313802458,1688.6666666666667
241.05764128948033,1644.0
241.14847123232914,1619.0
241.23930296583106,1619.3333333333333
241.33013648924637,1665.0
241.42097180183524,1679.3333333333333
241.51180890285792,1664.6666666666667
241.60264779157455,1658.3333333333333
241.69348846724543,1604.6666666666667
241.78433092913062,1607.0
241.87517517649042,1600.6666666666667
241.96602120858498,1622.0
242.05686902467448,1643.3333333333333
242.14771862401926,1628.0
242.23857000587935,1655.3333333333333
242.32942316951502,1676.6666666666667
242.42027811418652,1661.3333333333333
242.51113483915395,1622.0
242.6019933436776,1623.0
242.6928536270176,1654.0
242.78371568843417,1677.3333333333333
242.87457952718756,1665.6666666666667
242.96544514253793,1624.0
243.05631253374546,1638.0
243.14718170007035,1628.0
243.23805264077285,1619.0
243.32892535511314,1638.0
243.41979984235135,1654.0
243.51067610174778,1637.0
243.6015541325626,1643.0
243.692433934056,1639.6666666666667
243.78331550548816,1648.0
243.87419884611933,1648.0
243.96508395520965,1640.3333333333333
244.05597083201934,1663.3333333333333
244.14685947580867,1653.6666666666667
244.23774988583773,1608.3333333333333
244.32864206136676,1587.6666666666667
244.419536001656,1585.0
244.5104317059656,1634.3333333333333
244.6013291735558,1648.0
244.69222840368678,1659.6666666666667
244.78312939561872,1647.6666666666667
244.87403214861186,1665.0
244.96493666192634,1665.0
245.05584293482246,1633.0
245.1467509665603,1600.6666666666667
245.23766075640017,1642.6666666666667
245.32857230360221,1625.6666666666667
245.41948560742662,1635.0
245.51040066713358,1646.3333333333333
245.6013174819834,1632.6666666666667
245.69223605123614,1659.3333333333333
245.78315637415204,1684.6666666666667
245.87407844999134,1686.0
245.96500227801425,1679.6666666666667
246.05592785748092,1686.3333333333333
246.14685518765157,1668.6666666666667
246.23778426778637,1640.3333333333333
246.32871509714562,1641.3333333333333
246.4196476749894,1626.3333333333333
246.51058200057795,1629.0
246.60151807317152,1609.3333333333333
246.69245589203027,1647.0
246.78339545641438,1657.6666666666667
246.87433676558405,1676.0
246.9652798187995,1663.0
247.05622461532099,1624.3333333333333
247.1471711544086,1615.3333333333333
247.23811943532257,1635.3333333333333
247.32906945732321,1639.0
247.4200212196706,1604.0
247.5109747216249,1622.0
247.60192996244643,1635.3333333333333
247.69288694139536,1608.6666666666667
247.78384565773183,1634.6666666666667
247.87480611071612,1629.6666666666667
247.96576829960836,1686.0
248.0567322236688,1657.3333333333333
248.14769788215762,1638.3333333333333
248.238665274335,1618.3333333333333
248.32963439946118,1661.3333333333333
248.42060525679634,1660.0
248.51157784560064,1659.6666666666667
248.60255216513434,1606.3333333333333
248.69352821465762,1618.3333333333333
248.78450599343074,1613.0
248.87548550071378,1645.0
248.966466735767,1617.0
249.05744969785064,1634.3333333333333
249.1484343862248,1648.3333333333333
249.2394208001498,1652.6666666666667
249.3304089388857,1630.3333333333333
249.42139880169282,1621.6666666666667
249.51239038783137,1689.0
249.60338369656145,1649.3333333333333
249.69437872714332,1602.3333333333333
249.78537547883718,1666.3333333333333
249.8763739509032,1649.3333333333333
249.9673741426016,1633.6666666666667
250.0583760531926,1651.0
250.14937968193635,1684.3333333333333
250.24038502809313,1640.6666666666667
250.33139209092303,1651.6666666666667
250.42240086968636,1646.6666666666667
250.51341136364326,1671.0
250.60442357205392,1662.0
250.69543749417855,1637.3333333333333
250.78645312927742,1627.0
250.87747047661063,1679.0
250.96848953543838,1675.6666666666667
251.05951030502098,1635.0
251.15053278461852,1631.0
251.24155697349124,1665.3333333333333
251.33258287089936,1633.6666666666667
251.42361047610305,1595.6666666666667
251.51463978836253,1614.6666666666667
251.60567080693798,1636.0
251.69670353108958,1603.0
251.78773796007758,1671.0
251.87877409316218,1633.6666666666667
251.96981192960357,1620.3333333333333
252.06085146866192,1647.6666666666667
252.15189270959743,1646.0
252.24293565167036,1638.6666666666667
252.33398029414084,1603.6666666666667
252.4250266362691,1656.6666666666667
252.51607467731534,1650.0
252.60712441653982,1614.6666666666667
252.6981758532026,1645.0
252.789228986564,1583.0
252.88028381588416,1579.3333333333333
252.97134034042332,1588.6666666666667
253.06239855944165,1630.3333333333333
253.15345847219936,1620.3333333333333
253.24452007795668,1621.3333333333333
253.33558337597373,1613.6666666666667
253.42664836551077,1641.6666666666667
253.517715045828,1633.6666666666667
253.6087834161856,1621.3333333333333
253.6998534758438,1650.3333333333333
253.7909252240628,1644.0
253.8819986601027,1634.6666666666667
253.97307378322387,1639.0
254.06415059268636,1630.3333333333333
254.15522908775046,1655.3333333333333
254.2463092676763,1650.0
254.33739113172416,1652.3333333333333
254.42847467915422,1646.3333333333333
254.51955990922661,1660.3333333333333
254.6106468212016,1647.3333333333333
254.7017354143394,1679.3333333333333
254.79282568790012,1608.0
254.88391764114405,1585.0
254.97501127333138,1620.0
255.06610658372225,1647.0
255.15720357157693,1658.0
255.24830223615558,1613.0
255.33940257671838,1600.3333333333333
255.4305045925256,1582.3333333333333
255.5216082828374,1634.6666666666667
255.61271364691396,1623.3333333333333
255.70382068401554,1625.0
255.79492939340224,1657.3333333333333
255.88603977433434,1639.0
255.97715182607203,1677.0
256.0682655478755,1675.3333333333333
256.159380939005,1629.0
256.2504979987206,1624.6666666666667
256.3416167262826,1667.0
256.43273712095123,1619.3333333333333
256.52385918198655,1643.3333333333333
256.6149829086489,1639.3333333333333
256.7061083001985,1666.0
256.7972353558954,1665.3333333333333
256.88836407499986,1654.6666666666667
256.97949445677216,1625.6666666666667
257.0706265004724,1655.3333333333333
257.1617602053608,1682.6666666666667
257.2528955706976,1672.0
257.344032595743,1649.0
257.4351712797572,1660.6666666666667
257.52631162200026,1600.6666666666667
257.61745362173264,1644.0
257.7085972782144,1659.6666666666667
257.79974259070565,1641.6666666666667
257.89088955846677,1651.3333333333333
257.9820381807578,1669.6666666666667
258.073188456839,1639.6666666666667
258.1643403859706,1639.6666666666667
258.25549396741275,1629.3333333333333
258.34664920042576,1656.0
258.4378060842697,1648.0
258.52896461820484,1652.3333333333333
258.6201248014914,1624.0
258.7112866333894,1641.6666666666667
258.8024501131593,1641.0
258.8936152400612,1659.6666666666667
258.98478201335513,1682.0
259.0759504323016,1633.0
259.16712049616063,1643.0
259.25829220419234,1654.6666666666667
259.34946555565716,1639.3333333333333
259.4406405498151,1615.6666666666667
259.53181718592634,1677.0
259.6229954632513,1673.3333333333333
259.71417538104987,1643.3333333333333
259.8053569385826,1659.3333333333333
259.89654013510943,1656.3333333333333
259.9877249698906,1669.6666666666667
260.0789114421864,1619.0
260.170099551257,1649.3333333333333
260.2612892963625,1635.3333333333333
260.35248067676326,1650.6666666666667
260.4436736917194,1600.6666666666667
260.5348683404911,1598.6666666666667
260.62606462233856,1626.3333333333333
260.71726253652196,1637.3333333333333
260.8084620823016,1634.3333333333333
260.89966325893766,1636.6666666666667
260.99086606569017,1618.0
261.08207050181954,1663.0
261.1732765665859,1646.3333333333333
261.2644842592494,1629.0
261.35569357907036,1604.6666666666667
261.44690452530887,1633.6666666666667
261.5381170972251,1606.0
261.6293312940794,1611.0
261.7205471151318,1618.0
261.8117645596426,1671.3333333333333
261.902983626872,1633.3333333333333
261.9942043160802,1604.6666666666667
262.08542662652735,1653.3333333333333
262.17665055747364,1656.6666666666667
262.26787610817934,1636.6666666666667
262.3591032779047,1646.0
262.45033206590966,1641.0
262.54156247145477,1613.0
262.6327944938,1615.3333333333333
262.7240281322056,1626.3333333333333
262.8152633859318,1635.3333333333333
262.9065002542388,1634.0
262.9977387363867,1621.0
263.08897883163587,1616.3333333333333
263.18022053924636,1599.3333333333333
263.27146385847846,1649.3333333333333
263.3627087885924,1625.3333333333333
263.4539553288481,1639.0
263.5452034785062,1622.6666666666667
263.6364532368265,1624.6666666666667
263.7277046030696,1646.6666666666667
263.81895757649534,1614.3333333333333
263.9102121563642,1641.3333333333333
264.00146834193606,1668.3333333333333
264.0927261324714,1623.6666666666667
264.1839855272302,1626.3333333333333
264.27524652547294,1617.6666666666667
264.36650912645956,1625.0
264.4577733294504,1620.0
264.54903913370566,1620.0
264.64030653848533,1635.0
264.73157554305,1616.3333333333333
264.8228461466596,1630.0
264.9141183485743,1607.0
265.00539214805434,1631.0
265.09666754436006,1650.6666666666667
265.1879445367515,1610.3333333333333
265.27922312448896,1648.6666666666667
265.37050330683263,1633.3333333333333
265.46178508304257,1643.3333333333333
265.5530684523792,1657.6666666666667
265.64435341410257,1662.3333333333333
265.73563996747293,1666.6666666666667
265.8269281117504,1653.3333333333333
265.9182178461953,1661.0
266.0095091700679,1636.6666666666667
266.1008020826281,1633.6666666666667
266.19209658313633,1609.3333333333333
266.28339267085283,1635.0
266.37469034503766,1636.3333333333333
266.465989604951,1599.3333333333333
266.55729044985316,1630.6666666666667
266.6485928790043,1654.3333333333333
266.73989689166467,1661.3333333333333
266.8312024870944,1684.3333333333333
266.9225096645537,1698.3333333333333
267.0138184233027,1648.3333333333333
267.10512876260174,1653.0
267.19644068171095,1652.3333333333333
267.2877541798906,1630.0
267.37906925640084,1641.6666666666667
267.47038591050176,1632.0
267.56170414145373,1611.3333333333333
267.6530239485168,1618.0
267.7443453309514,1599.6666666666667
267.8356682880175,1623.3333333333333
267.9269928189753,1651.6666666666667
268.0183189230852,1626.3333333333333
268.1096465996072,1639.3333333333333
268.2009758478016,1646.6666666666667
268.2923066669286,1646.6666666666667
268.38363905624834,1631.0
268.47497301502113,1630.3333333333333
268.566308542507,1602.0
268.65764563796637,1614.3333333333333
268.7489843006593,1621.0
268.84032452984593,1619.3333333333333
268.9316663247866,1614.3333333333333
269.0230096847414,1658.0
269.1143546089706,1629.0
269.2057010967344,1617.0
269.29704914729297,1619.3333333333333
269.3883987599065,1629.0
269.47974993383525,1676.6666666666667
269.57110266833934,1635.0
269.6624569626791,1625.3333333333333
269.75381281611453,1675.3333333333333
269.84517022790595,1663.0
269.93652919731363,1648.6666666666667
270.02788972359764,1604.3333333333333
270.1192518060182,1638.3333333333333
270.2106154438356,1630.6666666666667
270.30198063630996,1626.6666666666667
270.39334738270145,1590.6666666666667
270.48471568227035,1649.3333333333333
270.57608553427684,1638.3333333333333
270.6674569379811,1635.0
270.7588298926434,1634.3333333333333
270.8502043975238,1631.0
270.9415804518826,1610.3333333333333
271.03295805497993,1635.3333333333333
271.1243372060761,1640.6666666666667
271.21571790443136,1661.6666666666667
271.3071001493057,1649.0
271.39848393995936,1621.0
271.4898692756526,1612.0
271.5812561556457,1595.3333333333333
271.6726445791988,1672.0
271.76403454557203,1682.3333333333333
271.8554260540256,1612.3333333333333
271.9468191038198,1614.3333333333333
272.03821369421473,1656.6666666666667
272.1296098244707,1652.3333333333333
272.2210074938479,1657.0
272.3124067016064,1663.3333333333333
272.40380744700644,1671.3333333333333
272.4952097293083,1627.0
272.5866135477721,1642.0
272.67801890165816,1630.0
272.76942579022665,1642.0
272.8608342127376,1615.6666666666667
272.95224416845133,1631.0
273.04365565662806,1624.0
273.1350686765281,1640.6666666666667
273.2264832274114,1631.0
273.3178993085382,1630.0
273.40931691916893,1634.6666666666667
273.5007360585635,1657.3333333333333
273.59215672598236,1636.6666666666667
273.6835789206856,1663.3333333333333
273.77500264193344,1653.3333333333333
273.866427888986,1648.0
273.95785466110357,1634.0
274.0492829575462,1589.3333333333333
274.1407127775743,1638.3333333333333
274.2321441204481,1683.0
274.3235769854275,1663.0
274.415011371773,1608.6666666666667
274.5064472787446,1610.3333333333333
274.59788470560255,1662.3333333333333
274.68932365160725,1672.3333333333333
274.78076411601864,1647.3333333333333
274.8722060980969,1633.3333333333333
274.96364959710246,1640.0
275.05509461229536,1591.6666666666667
275.1465411429358,1620.0
275.23798918828413,1624.3333333333333
275.32943874760036,1677.0
275.4208898201448,1630.3333333333333
275.5123424051776,1642.6666666666667
275.603796501959,1629.6666666666667
275.6952521097492,1639.6666666666667
275.7867092278083,1641.6666666666667
275.8781678553966,1640.3333333333333
275.96962799177436,1625.6666666666667
276.0610896362016,1629.0
276.1525527879387,1664.6666666666667
276.2440174462458,1706.0
276.335483610383,1672.0
276.42695127961065,1644.6666666666667
276.51842045318875,1603.6666666666667
276.6098911303778,1647.0
276.7013633104378,1669.3333333333333
276.79283699262885,1630.6666666666667
276.8843121762113,1606.6666666666667
276.97578886044545,1635.3333333333333
277.06726704459135,1638.6666666666667
277.1587467279092,1623.6666666666667
277.25022790965926,1593.3333333333333
277.3417105891016,1619.0
277.43319476549664,1658.0
277.5246804381044,1678.6666666666667
277.6161676061851,1647.6666666666667
277.7076562689991,1659.0
277.7991464258064,1637.3333333333333
277.89063807586723,1653.6666666666667
277.98213121844185,1643.6666666666667
278.07362585279054,1595.0
278.16512197817343,1620.6666666666667
278.25661959385064,1636.6666666666667
278.34811869908236,1618.0
278.43961929312894,1613.6666666666667
278.53112137525045,1645.3333333333333
278.62262494470724,1657.3333333333333
278.7141300007594,1668.3333333333333
278.80563654266706,1644.6666666666667
278.8971445696905,1660.6666666666667
278.9886540810899,1647.6666666666667
279.08016507612564,1641.6666666666667
279.1716775540576,1636.6666666666667
279.2631915141462,1649.6666666666667
279.3547069556516,1644.0
279.4462238778339,1622.6666666666667
279.5377422799534,1610.3333333333333
279.6292621612704,1603.6666666666667
279.7207835210449,1658.0
279.8123063585371,1659.0
279.9038306730074,1631.0
279.9953564637158,1627.6666666666667
280.0868837299226,1620.0
280.178412470888,1688.6666666666667
280.26994268587214,1657.3333333333333
280.3614743741353,1650.6666666666667
280.4530075349376,1637.3333333333333
280.54454216753936,1603.6666666666667
280.63607827120063,1615.6666666666667
280.72761584518173,1635.6666666666667
280.81915488874273,1633.0
280.910695401144,1607.0
281.00223738164556,1634.3333333333333
281.0937808295078,1690.0
281.1853257439908,1651.0
281.27687212435467,1634.3333333333333
281.3684199698599,1618.6666666666667
281.4599692797663,1579.6666666666667
281.55152005333446,1598.3333333333333
281.6430722898243,1612.6666666666667
281.73462598849613,1608.3333333333333
281.8261811486102,1641.6666666666667
281.9177377694266,1638.3333333333333
282.0092958502056,1613.3333333333333
282.1008553902074,1612.6666666666667
282.19241638869215,1614.0
282.28397884492,1651.3333333333333
282.37554275815137,1638.3333333333333
282.4671081276462,1653.0
282.5586749526649,1652.6666666666667
282.6502432324676,1655.3333333333333
282.74181296631434,1667.3333333333333
282.83338415346566,1644.3333333333333
282.92495679318137,1638.3333333333333
283.01653088472193,1625.0
283.10810642734754,1601.3333333333333
283.19968342031825,1633.0
283.2912618628944,1633.0
283.3828417543361,1638.3333333333333
283.4744230939035,1652.3333333333333
283.56600588085695,1667.0
283.65759011445664,1638.3333333333333
283.7491757939626,1637.6666666666667
283.8407629186352,1627.6666666666667
283.9323514877346,1642.0
284.0239415005209,1615.3333333333333
284.11553295625447,1614.0
284.20712585419534,1614.6666666666667
284.2987201936038,1633.0
284.39031597374003,1593.3333333333333
284.48191319386433,1632.0
284.57351185323677,1621.6666666666667
284.66511195111764,1632.6666666666667
284.756713486767,1634.6666666666667
284.84831645944513,1648.6666666666667
284.9399208684123,1670.0
285.0315267129286,1673.3333333333333
285.1231339922544,1658.6666666666667
285.2147427056496,1659.6666666666667
285.3063528523747,1649.0
285.39796443168973,1636.0
285.489577442855,1627.6666666666667
285.58119188513064,1644.3333333333333
285.67280775777687,1679.0
285.7644250600538,1638.3333333333333
285.85604379122174,1653.6666666666667
285.9476639505408,1650.6666666666667
286.0392855372714,1594.6666666666667
286.13090855067344,1628.0
286.2225329900073,1647.6666666666667
286.31415885453316,1665.3333333333333
286.40578614351114,1643.6666666666667
286.4974148562016,1644.3333333333333
286.5890449918646,1643.6666666666667
286.68067654976034,1641.0
286.77230952914914,1632.3333333333333
286.863943929291,1611.3333333333333
286.9555797494464,1605.0
287.0472169888753,1625.0
287.13885564683795,1653.0
287.2304957225946,1708.6666666666667
287.3221372154054,1641.3333333333333
287.4137801245306,1654.3333333333333
287.50542444923036,1675.0
287.59707018876503,1653.0
287.6887173423945,1616.6666666666667
287.78036590937927,1628.3333333333333
287.8720158889793,1669.0
287.963667280455,1662.0
288.05532008306653,1665.3333333333333
288.146974296074,1674.0
288.2386299187376,1656.6666666666667
288.3302869503176,1649.0
288.4219453900742,1632.6666666666667
288.5136052372676,1642.3333333333333
288.6052664911579,1632.0
288.6969291510054,1632.3333333333333
288.78859321607035,1612.3333333333333
288.88025868561283,1616.0
288.9719255588931,1625.0
289.0635938351714,1644.3333333333333
289.1552635137078,1616.0
289.2469345937626,1623.3333333333333
289.33860707459604,1593.3333333333333
289.43028095546816,1626.3333333333333
289.5219562356393,1636.0
289.61363291436965,1610.0
289.7053109909194,1608.6666666666667
289.7969904645486,1611.6666666666667
289.8886713345177,1647.0
289.98035360008674,1647.0
290.072037260516,1610.0
290.16372231506557,1637.3333333333333
290.2554087629958,1632.3333333333333
290.34709660356674,1628.6666666666667
290.4387858360387,1626.3333333333333
290.53047645967183,1624.0
290.6221684737264,1626.6666666666667
290.7138618774625,1674.6666666666667
290.80555667014033,1643.0
290.89725285102014,1620.3333333333333
290.9889504193622,1640.3333333333333
291.0806493744266,1638.3333333333333
291.17234971547356,1637.6666666666667
291.26405144176334,1648.0
291.35575455255605,1644.0
291.44745904711203,1638.0
291.53916492469136,1601.0
291.6308721845543,1641.3333333333333
291.7225808259609,1641.3333333333333
291.8142908481716,1662.0
291.9060022504464,1638.6666666666667
291.9977150320456,1616.6666666666667
292.08942919222943,1618.6666666666667
292.1811447302579,1648.0
292.2728616453916,1672.3333333333333
292.3645799368902,1647.0
292.45629960401436,1627.3333333333333
292.54802064602404,1618.0
292.6397430621795,1617.0
292.73146685174095,1614.0
292.82319201396854,1643.3333333333333
292.91491854812256,1642.0
293.0066464534632,1629.3333333333333
293.0983757292506,1627.0
293.1901063747449,1627.0
293.2818383892065,1657.3333333333333
293.37357177189534,1655.3333333333333
293.46530652207184,1622.0
293.55704263899617,1612.6666666666667
293.6487801219283,1624.0
293.7405189701288,1615.6666666666667
293.83225918285757,1626.6666666666667
293.92400075937496,1625.3333333333333
294.01574369894115,1607.6666666666667
294.1074880008163,1609.0
294.19923366426065,1647.6666666666667
294.2909806885344,1662.6666666666667
294.38272907289763,1656.0
294.4744788166107,1687.0
294.5662299189338,1673.3333333333333
294.657982379127,1605.6666666666667
294.7497361964506,1612.3333333333333
294.84149137016476,1658.3333333333333
294.93324789952976,1664.6666666666667
295.02500578380574,1679.6666666666667
295.1167650222528,1660.6666666666667
295.20852561413136,1620.0
295.3002875587014,1635.0
295.3920508552233,1661.3333333333333
295.4838155029572,1624.6666666666667
295.57558150116324,1602.3333333333333
295.66734884910164,1667.6666666666667
295.7591175460326,1666.6666666666667
295.8508875912163,1641.0
295.94265898391313,1617.6666666666667
296.0344317233831,1656.3333333333333
296.1262058088863,1662.0
296.21798123968324,1632.6666666666667
296.3097580150339,1598.6666666666667
296.4015361341986,1579.3333333333333
296.4933155964374,1617.6666666666667
296.5850964010107,1637.0
296.6768785471784,1642.0
296.768662034201,1610.3333333333333
296.8604468613385,1619.3333333333333
296.95223302785126,1656.0
297.04402053299935,1671.6666666666667
297.1358093760431,1614.6666666666667
297.2275995562425,1608.3333333333333
297.31939107285797,1650.3333333333333
297.4111839251496,1647.6666666666667
297.5029781123776,1642.3333333333333
297.59477363380216,1666.3333333333333
297.68657048868357,1642.0
297.7783686762819,1658.3333333333333
297.87016819585745,1655.0
297.9619690466704,1645.0
298.05377122798086,1654.6666666666667
298.1455747390491,1630.6666666666667
298.2373795791354,1616.0
298.32918574749976,1617.3333333333333
298.4209932434026,1613.6666666666667
298.51280206610403,1626.6666666666667
298.6046122148642,1662.0
298.69642368894336,1650.3333333333333
298.78823648760164,1671.6666666666667
298.8800506100994,1618.6666666666667
298.97186605569664,1611.6666666666667
299.0636828236538,1598.3333333333333
299.1555009132308,1641.0
299.24732032368803,1630.0
299.3391410542856,1596.3333333333333
299.4309631042838,1620.0
299.52278647294276,1628.3333333333333
299.61461115952267,1609.6666666666667
299.7064371632839,1609.3333333333333
299.7982644834864,1656.3333333333333
299.8900931193905,1634.3333333333333
299.9819230702563,1616.6666666666667
300.0737543353441,1611.3333333333333
300.1655869139142,1588.0
300.2574208052266,1641.3333333333333
300.34925600854154,1652.3333333333333
300.4410925231194,1674.6666666666667
300.53293034822013,1659.6666666666667
300.62476948310405,1613.0
300.71660992703136,1628.3333333333333
300.8084516792622,1643.3333333333333
300.9002947390569,1662.3333333333333
300.99213910567556,1651.0
301.08398477837835,1612.3333333333333
301.1758317564256,1637.3333333333333
301.2676800390774,1609.3333333333333
301.35952962559395,1643.6666666666667
301.4513805152355,1633.3333333333333
301.5432327072623,1628.6666666666667
301.6350862009343,1639.0
301.72694099551205,1665.6666666666667
301.8187970902555,1614.3333333333333
301.910654484425,1610.3333333333333
302.0025131772806,1638.3333333333333
302.0943731680826,1647.3333333333333
302.1862344560912,1624.6666666666667
302.27809704056654,1594.3333333333333
302.3699609207689,1639.3333333333333
302.4618260959585,1655.6666666666667
302.5536925653953,1624.6666666666667
302.64556032833985,1658.3333333333333
302.7374293840522,1674.0
302.82929973179233,1675.3333333333333
302.92117137082084,1649.6666666666667
303.0130443003976,1601.0
303.104918519783,1614.0
303.19679402823715,1641.3333333333333
303.28867082502035,1630.0
303.38054890939264,1642.3333333333333
303.4724282806144,1633.6666666666667
303.5643089379456,1645.0
303.6561908806467,1623.0
303.74807410797774,1631.3333333333333
303.839958619199,1633.3333333333333
303.9318444135706,1677.0
304.0237314903528,1681.0
304.11561984880575,1662.0
304.2075094881897,1650.6666666666667
304.29940040776484,1648.3333333333333
304.39129260679135,1618.3333333333333
304.48318608452945,1637.3333333333333
304.5750808402393,1634.6666666666667
304.66697687318117,1634.6666666666667
304.75887418261516,1635.3333333333333
304.85077276780163,1621.6666666666667
304.94267262800065,1639.6666666666667
305.0345737624724,1643.3333333333333
305.12647617047713,1636.3333333333333
305.2183798512751,1660.0
305.31028480412635,1646.0
305.40219102829127,1677.3333333333333
305.49409852302995,1686.6666666666667
305.5860072876025,1642.0
305.67791732126943,1601.0
305.7698286232906,1624.6666666666667
305.8617411929264,1625.3333333333333
305.95365502943696,1593.6666666666667
306.0455701320825,1604.0
306.13748650012326,1636.3333333333333
306.22940413281935,1648.6666666666667
306.321323029431,1614.3333333333333
306.4132431892185,1582.6666666666667
306.505164611442,1600.3333333333333
306.59708729536163,1652.0
306.6890112402376,1664.0
306.78093644533016,1647.0
306.87286290989954,1629.3333333333333
306.96479063320595,1619.3333333333333
307.0567196145094,1583.6666666666667
307.14864985307037,1589.6666666666667
307.24058134814885,1648.6666666666667
307.33251409900515,1651.6666666666667
307.4244481048994,1665.3333333333333
307.5163833650918,1645.6666666666667
307.60831987884256,1649.6666666666667
307.700257645412,1667.3333333333333
307.79219666406016,1659.6666666666667
307.8841369340473,1648.3333333333333
307.97607845463364,1672.3333333333333
308.06802122507935,1605.0
308.1599652446447,1596.0
308.25191051258975,1628.0
308.34385702817474,1617.3333333333333
308.43580479066003,1609.3333333333333
308.5277537993056,1612.0
308.61970405337183,1674.0
308.7116555521187,1676.3333333333333
308.80360829480674,1663.6666666666667
308.89556228069586,1633.0
308.98751750904637,1616.3333333333333
309.07947397911846,1609.0
309.1714316901723,1601.3333333333333
309.26339064146816,1598.3333333333333
309.3553508322662,1645.0
309.44731226182665,1669.3333333333333
309.5392749294096,1607.3333333333333
309.6312388342754,1622.3333333333333
309.72320397568404,1642.3333333333333
309.815170352896,1630.3333333333333
309.9071379651714,1609.6666666666667
309.9991068117703,1636.0
310.09107689195287,1664.3333333333333
310.18304820497957,1637.3333333333333
310.2750207501104,1592.6666666666667
310.3669945266056,1656.6666666666667
310.4589695337254,1628.3333333333333
310.5509457707299,1646.3333333333333
310.6429232368795,1659.6666666666667
310.7349019314342,1681.3333333333333
310.82688185365436,1672.6666666666667
310.9188630028001,1693.3333333333333
311.0108453781315,1618.3333333333333
311.102828978909,1599.0
311.19481380439254,1662.6666666666667
311.2867998538426,1675.0
311.37878712651917,1641.6666666666667
311.47077562168255,1812.3333333333333
311.5627653385929,1727.3333333333333
311.65475627651045,1621.0
311.74674843469535,1602.0
311.8387418124079,1606.6666666666667
311.9307364089081,1613.0
312.02273222345633,1659.3333333333333
312.1147292553128,1659.6666666666667
312.2067275037376,1672.0
312.298726967991,1655.6666666666667
312.3907276473332,1662.0
312.48272954102436,1636.6666666666667
312.57473264832464,1642.0
312.6667369684944,1649.3333333333333
312.75874250079363,1638.6666666666667
312.8507492444827,1624.0
312.9427571988218,1610.6666666666667
313.034766363071,1626.0
313.1267767364906,1659.3333333333333
313.2187883183407,1659.6666666666667
313.31080110788173,1633.0
313.40281510437376,1633.0
313.4948303070768,1650.6666666666667
313.58684671525134,1648.6666666666667
313.6788643281574,1664.3333333333333
313.77088314505534,1655.3333333333333
313.8629031652052,1651.0
313.9549243878672,1604.3333333333333
314.0469468123016,1586.3333333333333
314.1389704377686,1636.6666666666667
314.2309952635283,1626.0
314.3230212888411,1625.3333333333333
314.4150485129671,1632.0
314.5070769351663,1658.3333333333333
314.59910655469923,1654.6666666666667
314.6911373708259,1626.3333333333333
314.78316938280653,1628.3333333333333
314.8752025899014,1647.0
314.96723699137067,1639.0
315.0592725864744,1600.3333333333333
315.151309374473,1639.0
315.2433473546265,1620.0
315.33538652619524,1633.3333333333333
315.42742688843936,1655.3333333333333
315.51946844061905,1620.0
315.61151118199456,1637.3333333333333
315.70355511182595,1676.3333333333333
315.7956002293736,1627.0
315.8876465338976,1622.0
315.97969402465816,1631.6666666666667
316.0717427009156,1638.0
316.1637925619299,1661.3333333333333
316.25584360696143,1652.6666666666667
316.3478958352703,1682.6666666666667
316.43994924611684,1685.6666666666667
316.53200383876106,1654.6666666666667
316.6240596124634,1626.3333333333333
316.7161165664838,1658.0
316.8081747000826,1663.0
316.90023401252006,1634.0
316.99229450305614,1604.3333333333333
317.0843561709513,1613.6666666666667
317.17641901546557,1661.0
317.2684830358594,1615.3333333333333
317.36054823139267,1646.0
317.4526146013257,1674.0
317.54468214491874,1663.0
317.636750861432,1629.6666666666667
317.7288207501256,1599.3333333333333
317.82089181025975,1610.6666666666667
317.91296404109477,1610.3333333333333
318.0050374418907,1605.0
318.0971120119079,1614.0
318.1891877504063,1608.3333333333333
318.28126465664644,1620.6666666666667
318.3733427298883,1645.6666666666667
318.4654219693922,1656.0
318.55750237441816,1655.6666666666667
318.6495839442266,1624.0
318.74166667807754,1644.6666666666667
318.8337505752314,1632.6666666666667
318.92583563494816,1621.3333333333333
319.017921856488,1639.3333333333333
319.1100092391114,1663.0
319.2020977820782,1620.0
319.29418748464894,1596.0
319.38627834608354,1626.0
319.4783703656424,1661.3333333333333
319.57046354258557,1650.0
319.66255787617337,1640.0
319.75465336566594,1636.3333333333333
319.8467500103235,1610.6666666666667
319.93884780940624,1605.6666666666667
320.0309467621744,1588.0
320.1230468678881,1595.6666666666667
320.21514812580745,1608.3333333333333
320.30725053519296,1636.0
320.3993540953046,1639.3333333333333
320.4914588054026,1613.3333333333333
320.5835646647472,1665.3333333333333
320.6756716725985,1631.3333333333333
320.7677798282169,1581.0
320.8598891308625,1630.6666666666667
320.95199957979537,1635.0
321.0441111742758,1590.3333333333333
321.1362239135641,1589.3333333333333
321.2283377969203,1643.0
321.3204528236048,1635.0
321.4125689928776,1630.0
321.504686303999,1644.3333333333333
321.5968047562292,1657.6666666666667
321.6889243488283,1676.3333333333333
321.7810450810566,1673.3333333333333
321.87316695217436,1643.6666666666667
321.9652899614416,1673.3333333333333
322.05741410811873,1686.6666666666667
322.14953939146574,1635.3333333333333
322.241665810743,1607.6666666666667
322.33379336521057,1648.3333333333333
322.4259220541288,1646.6666666666667
322.51805187675774,1648.6666666666667
322.61018283235774,1628.3333333333333
322.7023149201888,1631.6666666666667
322.79444813951136,1632.0
322.88658248958546,1597.6666666666667
322.97871796967127,1650.6666666666667
323.0708545790292,1653.0
323.16299231691914,1629.0
323.25513118260164,1625.6666666666667
323.34727117533663,1657.0
323.4394122943844,1649.0
323.5315545390051,1656.3333333333333
323.62369790845906,1610.3333333333333
323.71584240200633,1595.3333333333333
323.8079880189072,1612.0
323.9001347584219,1620.3333333333333
323.99228261981057,1628.0
324.0844316023334,1631.0
324.17658170525056,1648.0
324.26873292782244,1640.6666666666667
324.360885269309,1620.0
324.45303872897045,1617.0
324.5451933060673,1632.0
324.63734899985934,1635.0
324.729505809607,1636.0
324.8216637345705,1674.3333333333333
324.91382277401,1655.0
325.0059829271856,1616.0
325.09814419335765,1628.0
325.1903065717862,1630.3333333333333
325.28247006173154,1638.0
325.37463466245396,1611.0
325.4668003732134,1618.3333333333333
325.55896719327035,1629.0
325.6511351218848,1621.6666666666667
325.7433041583171,1632.0
325.8354743018274,1616.0
325.9276455516758,1621.0
326.0198179071226,1661.0
326.111991367428,1616.0
326.2041659318522,1602.0
326.29634159965536,1657.6666666666667
326.38851837009764,1644.6666666666667
326.48069624243936,1613.3333333333333
326.57287521594066,1622.3333333333333
326.6650552898617,1624.0
326.7572364634628,1593.3333333333333
326.849418736004,1623.3333333333333
326.94160210674556,1601.6666666666667
327.0337865749478,1616.3333333333333
327.1259721398708,1639.3333333333333
327.21815880077475,1631.6666666666667
327.31034655691985,1615.6666666666667
327.40253540756635,1608.6666666666667
327.4947253519744,1655.6666666666667
327.58691638940434,1666.6666666666667
327.67910851911614,1657.0
327.7713017403702,1618.0
327.8634960524266,1610.6666666666667
327.95569145454556,1613.0
328.0478879459874,1610.0
328.1400855260121,1613.6666666666667
328.23228419388005,1640.0
328.32448394885137,1655.6666666666667
328.41668479018625,1643.0
328.5088867171449,1649.0
328.6010897289875,1648.3333333333333
328.6932938249744,1642.3333333333333
328.78549900436565,1661.6666666666667
328.8777052664214,1618.6666666666667
328.96991261040193,1609.3333333333333
329.0621210355675,1641.3333333333333
329.15433054117824,1629.6666666666667
329.2465411264943,1661.6666666666667
329.3387527907761,1637.0
329.43096553328354,1633.0
329.523179353277,1659.6666666666667
329.61539425001655,1644.6666666666667
329.7076102227626,1621.3333333333333
329.7998272707752,1578.0
329.8920453933146,1587.0
329.9842645896409,1662.3333333333333
330.07648485901444,1675.0
330.16870620069534,1641.3333333333333
330.26092861394386,1688.0
330.35315209802013,1644.0
330.4453766521844,1629.6666666666667
330.53760227569677,1656.6666666666667
330.62982896781756,1644.3333333333333
330.72205672780694,1631.0
330.8142855549252,1643.6666666666667
330.90651544843234,1648.6666666666667
330.9987464075886,1626.6666666666667
331.0909784316543,1649.3333333333333
331.18321151988965,1691.3333333333333
331.27544567155473,1658.0
331.36768088590975,1606.0
331.459917162215,1591.0
331.5521544997306,1591.0
331.6443928977167,1629.3333333333333
331.73663235543376,1619.3333333333333
331.82887287214174,1651.3333333333333
331.9211144471009,1651.3333333333333
332.01335707957134,1648.6666666666667
332.1056007688134,1662.6666666666667
332.1978455140873,1610.6666666666667
332.2900913146532,1633.3333333333333
332.3823381697712,1642.6666666666667
332.4745860787016,1652.0
332.56683504070463,1667.0
332.65908505504035,1672.6666666666667
332.75133612096914,1622.3333333333333
332.8435882377511,1618.6666666666667
332.9358414046464,1672.0
333.0280956209152,1648.0
333.1203508858179,1624.6666666666667
333.2126071986146,1623.0
333.30486455856544,1604.3333333333333
333.3971229649306,1618.3333333333333
333.4893824169704,1658.6666666666667
333.5816429139449,1686.0
333.6739044551145,1615.6666666666667
333.76616703973923,1590.6666666666667
333.8584306670794,1641.3333333333333
333.95069533639503,1634.3333333333333
334.0429610469465,1637.6666666666667
334.13522779799393,1630.3333333333333
334.2274955887976,1627.6666666666667
334.31976441861764,1637.6666666666667
334.41203428671423,1637.6666666666667
334.50430519234754,1607.0
334.5965771347779,1620.0
334.68885011326546,1634.3333333333333
334.7811241270703,1619.3333333333333
334.87339917545285,1626.0
334.9656752576731,1642.3333333333333
335.05795237299134,1628.6666666666667
335.1502305206678,1610.3333333333333
335.2425096999626,1609.3333333333333
335.334789910136,1596.0
335.42707115044817,1628.0
335.5193534201593,1674.6666666666667
335.61163671852967,1666.0
335.7039210448193,1640.3333333333333
335.79620639828863,1629.6666666666667
335.88849277819776,1609.0
335.98078018380676,1615.0
336.073068614376,1646.6666666666667
336.16535806916556,1646.0
336.2576485474358,1633.6666666666667
336.3499400484468,1615.0
336.44223257145876,1603.6666666666667
336.53452611573186,1638.3333333333333
336.62682068052635,1618.6666666666667
336.71911626510246,1630.3333333333333
336.8114128687203,1615.3333333333333
336.9037104906402,1630.3333333333333
336.9960091301222,1661.6666666666667
337.0883087864266,1663.0
337.18060945881354,1637.3333333333333
337.2729111465434,1604.6666666666667
337.3652138488761,1599.0
337.457517565072,1571.3333333333333
337.54982229439133,1605.6666666666667
337.6421280360942,1635.6666666666667
337.7344347894409,1608.0
337.8267425536916,1616.0
337.91905132810643,1634.6666666666667
338.0113611119456,1621.6666666666667
338.10367190446937,1609.3333333333333
338.19598370493793,1592.0
338.2882965126115,1619.0
338.3806103267503,1631.3333333333333
338.47292514661433,1647.3333333333333
338.565240971464,1609.0
338.65755780055946,1616.0
338.74987563316097,1616.6666666666667
338.8421944685286,1616.6666666666667
338.9345143059226,1627.3333333333333
339.0268351446032,1658.3333333333333
339.1191569838306,1614.0
339.21147982286493,1654.0
339.3038036609664,1643.3333333333333
339.39612849739535,1656.3333333333333
339.48845433141184,1645.6666666666667
339.5807811622761,1618.0
339.6731089892483,1615.6666666666667
339.7654378115888,1645.0
339.85776762855767,1613.3333333333333
339.950098439415,1587.3333333333333
340.04243024342117,1632.0
340.1347630398363,1629.6666666666667
340.22709682792066,1596.3333333333333
340.31943160693436,1623.0
340.4117673761377,1615.0
340.50410413479074,1599.6666666666667
340.5964418821537,1591.6666666666667
340.68878061748694,1639.6666666666667
340.7811203400506,1677.3333333333333
340.87346104910483,1623.3333333333333
340.96580274390976,1651.6666666666667
341.05814542372576,1619.6666666666667
341.1504890878128,1602.3333333333333
341.2428337354313,1587.0
341.3351793658415,1614.6666666666667
341.4275259783034,1618.6666666666667
341.5198735720772,1658.0
341.61222214642316,1653.6666666666667
341.7045717006016,1621.0
341.79692223387264,1581.6666666666667
341.88927374549644,1786.3333333333333
341.9816262347331,1712.0
342.073979700843,1634.0
342.1663341430863,1614.6666666666667
342.25868956072327,1610.0
342.3510459530139,1610.6666666666667
342.4434033192186,1609.6666666666667
342.53576165859744,1615.6666666666667
342.6281209704106,1618.3333333333333
342.72048125391836,1644.3333333333333
342.812842508381,1685.3333333333333
342.90520473305855,1702.0
342.99756792721126,1699.0
343.08993209009935,1680.6666666666667
343.182297220983,1663.3333333333333
343.2746633191225,1646.3333333333333
343.367030383778,1622.0
343.4593984142096,1624.6666666666667
343.5517674096776,1620.6666666666667
343.6441373694422,1618.6666666666667
343.7365082927636,1634.0
343.8288801789019,1634.6666666666667
343.9212530271175,1674.3333333333333
344.01362683667037,1632.6666666666667
344.1060016068208,1635.3333333333333
344.1983773368291,1623.3333333333333
344.2907540259554,1619.6666666666667
344.38313167345984,1621.0
344.4755102786026,1592.6666666666667
344.56788984064394,1598.6666666666667
344.6602703588441,1623.3333333333333
344.75265183246336,1617.0
344.8450342607617,1684.0
344.9374176429993,1658.6666666666667
345.02980197843664,1609.0
345.12218726633364,1625.6666666666667
345.21457350595074,1677.6666666666667
345.306960696548,1689.0
345.3993488373856,1661.0
345.4917379277238,1629.6666666666667
345.58412796682273,1630.6666666666667
345.67651895394266,1635.6666666666667
345.76891088834384,1661.6666666666667
345.8613037692864,1636.3333333333333
345.95369759603045,1652.6666666666667
346.0460923678363,1613.0
346.13848808396415,1664.3333333333333
346.23088474367415,1660.0
346.3232823462266,1601.3333333333333
346.4156808908816,1588.0
346.50808037689933,1613.0
346.60048080354005,1606.6666666666667
346.692882170064,1630.6666666666667
346.7852844757314,1605.3333333333333
346.8776877198023,1635.6666666666667
346.97009190153693,1635.6666666666667
347.0624970201955,1682.3333333333333
347.1549030750384,1651.3333333333333
347.2473100653256,1610.6666666666667
347.3397179903174,1649.0
347.4321268492739,1623.6666666666667
347.5245366414555,1623.0
347.6169473661222,1637.3333333333333
347.70935902253433,1637.0
347.801771609952,1626.3333333333333
347.8941851276356,1651.3333333333333
347.986599574845,1646.6666666666667
348.07901495084053,1639.0
348.1714312548826,1618.3333333333333
348.2638484862312,1621.0
348.3562666441466,1619.3333333333333
348.4486857278889,1615.3333333333333
348.54110573671846,1620.6666666666667
348.63352666989533,1653.6666666666667
348.7259485266798,1620.3333333333333
348.8183713063321,1612.6666666666667
348.9107950081124,1606.6666666666667
349.0032196312808,1630.0
349.09564517509756,1647.3333333333333
349.188071638823,1657.3333333333333
349.28049902171716,1646.0
349.37292732304036,1616.3333333333333
349.46535654205263,1632.0
349.5577866780143,1625.3333333333333
349.65021773018566,1636.0
349.7426496978267,1651.0
349.83508258019776,1668.3333333333333
349.927516376559,1668.3333333333333
350.0199510861706,1643.3333333333333
350.1123867082928,1633.6666666666667
350.20482324218574,1620.0
350.29726068710977,1611.3333333333333
350.3896990423249,1609.3333333333333
350.48213830709136,1601.3333333333333
350.57457848066946,1647.3333333333333
350.6670195623193,1637.3333333333333
350.7594615513012,1646.6666666666667
350.85190444687527,1615.0
350.9443482483016,1642.0
351.0367929548406,1694.6666666666667
351.12923856575236,1691.6666666666667
351.2216850802971,1647.0
351.31413249773505,1617.6666666666667
351.4065808173264,1574.0
351.4990300383313,1569.6666666666667
351.5914801600099,1625.0
351.68393118162254,1624.0
351.7763831024294,1604.6666666666667
351.8688359216906,1636.0
351.96128963866636,1630.0
352.05374425261687,1638.0
352.1461997628025,1655.0
352.23865616848326,1586.6666666666667
352.3311134689194,1590.3333333333333
352.4235716633711,1648.0
352.5160307510985,1667.0
352.60849073136194,1625.0
352.7009516034216,1603.6666666666667
352.7934133665376,1653.6666666666667
352.8858760199702,1670.0
352.97833956297956,1659.6666666666667
353.0708039948259,1649.0
353.1632693147694,1647.6666666666667
353.2557355220703,1681.3333333333333
353.34820261598884,1732.6666666666667
353.44067059578515,1679.3333333333333
353.5331394607194,1661.0
353.6256092100518,1675.6666666666667
353.71807984304263,1629.6666666666667
353.810551358952,1610.6666666666667
353.9030237570402,1600.6666666666667
353.9954970365673,1585.6666666666667
354.0879711967936,1644.3333333333333
354.1804462369793,1652.0
354.27292215638465,1637.6666666666667
354.3653989542698,1656.0
354.45787662989477,1669.3333333333333
354.55035518252,1629.3333333333333
354.6428346114056,1653.6666666666667
354.7353149158118,1635.3333333333333
354.82779609499875,1628.3333333333333
354.9202781482267,1611.3333333333333
355.0127610747558,1619.0
355.10524487384635,1611.0
355.19772954475843,1617.3333333333333
355.2902150867523,1619.3333333333333
355.3827014990882,1629.3333333333333
355.4751887810262,1703.3333333333333
355.56767693182655,1711.3333333333333
355.6601659507496,1675.3333333333333
355.7526558370554,1642.0
355.84514659000416,1624.6666666666667
355.937638208856,1598.0
356.03013069287135,1603.6666666666667
356.12262404131025,1626.0
356.21511825343293,1619.6666666666667
356.30761332849954,1633.0
356.4001092657704,1674.6666666666667
356.4926060645056,1677.6666666666667
356.58510372396535,1646.0
356.67760224341,1616.0
356.7701016220995,1633.0
356.8626018592943,1662.6666666666667
356.95510295425436,1635.3333333333333
357.04760490624005,1624.6666666666667
357.1401077145115,1597.0
357.23261137832895,1659.6666666666667
357.32511589695264,1680.0
357.4176212696426,1645.3333333333333
357.51012749565916,1617.0
357.60263457426254,1641.6666666666667
357.69514250471286,1626.3333333333333
357.7876512862705,1607.0
357.8801609181954,1616.3333333333333
357.97267139974787,1634.3333333333333
358.0651827301881,1666.6666666666667
358.15769490877636,1645.6666666666667
358.2502079347728,1620.0
358.3427218074376,1655.6666666666667
358.43523652603096,1671.6666666666667
358.52775208981313,1661.0
358.6202684980443,1652.0
358.7127857499847,1613.6666666666667
358.80530384489435,1607.0
358.8978227820337,1611.6666666666667
358.99034256066267,1597.6666666666667
359.0828631800417,1600.0
359.17538463943094,1602.0
359.26790693809056,1637.3333333333333
359.3604300752808,1633.0
359.4529540502618,1645.3333333333333
359.54547886229375,1644.3333333333333
359.63800451063685,1644.6666666666667
359.7305309945514,1606.0
359.82305831329745,1635.6666666666667
359.9155864661353,1661.6666666666667
360.00811545232517,1645.0
360.1006452711271,1610.0
360.1931759218016,1640.3333333333333
360.28570740360857,1637.3333333333333
360.37823971580843,1669.3333333333333
360.47077285766113,1618.3333333333333
360.563306828427,1614.6666666666667
360.6558416273663,1631.3333333333333
360.74837725373925,1624.3333333333333
360.8409137068059,1608.3333333333333
360.93345098582654,1626.0
361.0259890900614,1621.0
361.1185280187706,1644.6666666666667
361.21106777121435,1672.0
361.303608346653,1664.0
361.39614974434653,1662.6666666666667
361.48869196355525,1641.6666666666667
361.5812350035393,1622.6666666666667
361.673778863559,1638.0
361.76632354287455,1650.3333333333333
361.858869040746,1690.3333333333333
361.9514153564336,1658.6666666666667
362.0439624891976,1620.0
362.13651043829816,1605.3333333333333
362.22905920299553,1653.0
362.3216087825499,1646.6666666666667
362.4141591762215,1617.0
362.50671038327033,1633.0
362.5992624029568,1650.3333333333333
362.6918152345411,1648.3333333333333
362.7843688772834,1645.0
362.87692333044384,1595.3333333333333
362.9694785932826,1602.3333333333333
363.0620346650599,1628.3333333333333
363.1545915450361,1632.0
363.2471492324713,1641.0
363.33970772662565,1594.6666666666667
363.43226702675935,1582.3333333333333
363.52482713213266,1605.3333333333333
363.61738804200564,1633.6666666666667
363.7099497556388,1627.6666666666667
363.802512272292,1607.0
363.89507559122563,1638.0
363.9876397116998,1644.3333333333333
364.0802046329747,1634.6666666666667
364.17277035431067,1638.0
364.2653368749679,1645.3333333333333
364.3579041942064,1617.0
364.45047231128643,1627.3333333333333
364.5430412254683,1618.3333333333333
364.63561093601214,1608.0
364.7281814421782,1591.6666666666667
364.82075274322665,1649.0
364.9133248384176,1652.6666666666667
365.00589772701136,1611.6666666666667
365.0984714082681,1636.3333333333333
365.191045881448,1639.0
365.28362114581137,1617.0
365.37619720061826,1638.6666666666667
365.4687740451289,1658.0
365.5613516786035,1641.3333333333333
365.6539301003024,1612.6666666666667
365.7465093094856,1635.0
365.83908930541344,1623.3333333333333
365.931670087346,1595.3333333333333
366.02425165454355,1614.3333333333333
366.1168340062662,1604.6666666666667
366.20941714177434,1628.3333333333333
366.30200106032805,1639.3333333333333
366.39458576118756,1618.0
366.487171243613,1635.0
366.57975750686455,1667.3333333333333
366.6723445502026,1682.0
366.7649323728872,1654.0
366.85752097417856,1639.6666666666667
366.9501103533369,1633.6666666666667
367.0427005096225,1695.0
367.1352914422953,1655.0
367.2278831506158,1641.3333333333333
367.3204756338441,1628.3333333333333
367.4130688912404,1617.3333333333333
367.5056629220648,1610.6666666666667
367.5982577255776,1624.6666666666667
367.69085330103894,1630.3333333333333
367.7834496477092,1624.6666666666667
367.8760467648483,1621.0
367.9686446517166,1627.6666666666667
368.06124330757433,1611.6666666666667
368.1538427316816,1625.6666666666667
368.24644292329873,1644.0
368.33904388168577,1638.0
368.431645606103,1639.0
368.5242480958106,1631.0
368.6168513500687,1607.0
368.70945536813775,1617.6666666666667
368.80206014927774,1614.0
368.89466569274884,1610.6666666666667
368.9872719978114,1624.6666666666667
369.0798790637254,1618.6666666666667
369.1724868897513,1625.6666666666667
369.26509547514917,1647.3333333333333
369.3577048191792,1653.0
369.45031492110155,1620.6666666666667
369.54292578017663,1629.6666666666667
369.63553739566436,1660.6666666666667
369.7281497668251,1670.0
369.8207628929191,1652.3333333333333
369.9133767732064,1650.6666666666667
370.0059914069472,1649.0
370.0986067934019,1635.3333333333333
370.19122293183057,1622.3333333333333
370.2838398214934,1610.6666666666667
370.37645746165066,1636.6666666666667
370.4690758515624,1651.0
370.561694990489,1655.3333333333333
370.65431487769047,1628.0
370.7469355124272,1603.0
370.8395568939594,1618.6666666666667
370.9321790215471,1648.0
371.02480189445055,1619.3333333333333
371.1174255119299,1619.0
371.21004987324557,1598.0
371.30267497765766,1570.3333333333333
371.3953008244262,1636.6666666666667
371.4879274128116,1652.6666666666667
371.5805547420739,1647.3333333333333
371.67318281147345,1614.0
371.76581162027037,1612.3333333333333
371.85844116772483,1641.6666666666667
371.9510714530971,1649.0
372.04370247564736,1668.0
372.13633423463574,1644.0
372.2289667293226,1626.0
372.321599958968,1618.0
372.4142339228322,1643.6666666666667
372.50686862017534,1645.0
372.5995040502576,1629.0
372.6921402123393,1616.3333333333333
372.78477710568063,1676.3333333333333
372.8774147295417,1622.3333333333333
372.9700530831828,1588.3333333333333
373.06269216586395,1606.6666666666667
373.15533197684556,1610.6666666666667
373.2479725153878,1603.6666666666667
373.34061378075074,1620.6666666666667
373.43325577219474,1639.3333333333333
373.5258984889798,1661.6666666666667
373.61854193036635,1662.0
373.71118609561444,1613.6666666666667
373.8038309839843,1631.3333333333333
373.8964765947362,1629.3333333333333
373.9891229271302,1634.0
374.08176998042654,1628.6666666666667
374.17441775388556,1667.3333333333333
374.2670662467674,1680.0
374.3597154583321,1666.3333333333333
374.45236538784,1638.6666666666667
374.54501603455134,1629.3333333333333
374.6376673977262,1625.3333333333333
374.7303194766249,1653.6666666666667
374.82297227050753,1669.0
374.9156257786344,1660.3333333333333
375.0082800002656,1625.0
375.1009349346614,1638.6666666666667
375.19359058108193,1640.6666666666667
375.28624693878754,1617.6666666666667
375.3789040070383,1660.3333333333333
375.4715617850943,1643.6666666666667
375.56422027221606,1630.3333333333333
375.6568794676635,1625.0
375.74953937069694,1595.3333333333333
375.8421999805766,1610.6666666666667
375.93486129656264,1627.0
376.02752331791515,1644.0
376.12018604389453,1634.3333333333333
376.2128494737609,1614.3333333333333
376.30551360677447,1647.0
376.3981784421954,1632.6666666666667
376.49084397928385,1685.0
376.5835102173001,1683.0
376.6761771555043,1603.3333333333333
376.7688447931568,1602.0
376.8615131295176,1650.0
376.95418216384695,1658.6666666666667
377.0468518954052,1670.3333333333333
377.1395223234523,1624.0
377.2321934472486,1626.0
377.32486526605436,1651.6666666666667
377.4175377791297,1662.0
377.5102109857347,1674.6666666666667
377.60288488512975,1629.0
377.695559476575,1624.3333333333333
377.78823475933063,1653.3333333333333
377.8809107326568,1646.0
377.97358739581375,1632.3333333333333
378.06626474806177,1643.6666666666667
378.1589427886608,1664.0
378.25162151687135,1619.6666666666667
378.34430093195346,1620.6666666666667
378.43698103316734,1627.3333333333333
378.52966181977314,1612.3333333333333
378.6223432910312,1620.3333333333333
378.7150254462016,1649.0
378.8077082845446,1630.6666666666667
378.9003918053204,1618.0
378.99307600778906,1641.0
379.085760891211,1634.6666666666667
379.1784464548463,1627.6666666666667
379.27113269795524,1662.3333333333333
379.36381961979794,1641.6666666666667
379.4565072196346,1637.6666666666667
379.5491954967254,1627.6666666666667
379.64188445033056,1617.6666666666667
379.73457407971034,1622.0
379.82726438412493,1633.6666666666667
379.9199553628345,1656.0
380.0126470150992,1611.6666666666667
380.1053393401793,1645.3333333333333
380.198032337335,1645.6666666666667
380.2907260058265,1669.6666666666667
380.383420344914,1650.0
380.47611535385755,1621.6666666666667
380.5688110319176,1633.0
380.66150737835414,1640.0
380.7542043924276,1636.0
380.8469020733979,1650.6666666666667
380.9396004205255,1608.6666666666667
381.03229943307036,1619.6666666666667
381.1249991102928,1645.6666666666667
381.2176994514531,1661.3333333333333
381.31040045581136,1657.6666666666667
381.40310212262784,1620.0
381.4958044511626,1623.0
381.588507440676,1633.6666666666667
381.6812110904281,1651.0
381.7739153996793,1648.6666666666667
381.8666203676897,1638.3333333333333
381.9593259937194,1624.0
382.0520322770287,1640.0
382.14473921687767,1629.3333333333333
382.23744681252674,1637.3333333333333
382.330155063236,1601.0
382.42286396826563,1585.6666666666667
382.5155735268758,1631.0
382.60828373832675,1616.3333333333333
382.7009946018787,1619.0
382.79370611679184,1610.6666666666667
382.8864182823264,1666.6666666666667
382.9791310977424,1668.3333333333333
383.0718445623003,1612.6666666666667
383.16455867526014,1617.3333333333333
383.25727343588215,1632.3333333333333
383.3499888434266,1640.3333333333333
383.44270489715365,1658.6666666666667
383.5354215963234,1626.0
383.6281389401961,1616.3333333333333
383.720856928032,1628.6666666666667
383.81357555909136,1653.3333333333333
383.9062948326343,1658.3333333333333
383.9990147479209,1638.6666666666667
384.09173530421157,1671.6666666666667
384.1844565007664,1662.6666666666667
384.27717833684557,1645.0
384.36990081170944,1650.0
384.462623924618,1662.0
384.5553476748315,1665.3333333333333
384.6480720616102,1625.0
384.7407970842143,1631.6666666666667
384.83352274190406,1666.6666666666667
384.92624903393954,1659.3333333333333
385.018975959581,1679.0
385.1117035180886,1647.0
385.20443170872255,1654.3333333333333
385.2971605307432,1631.6666666666667
385.38988998341057,1616.0
385.4826200659849,1597.6666666666667
385.57535077772644,1609.3333333333333
385.6680821178953,1616.3333333333333
385.76081408575186,1647.0
385.8535466805561,1624.3333333333333
385.9462799015684,1599.6666666666667
386.03901374804883,1610.3333333333333
386.1317482192576,1647.3333333333333
386.224483314455,1647.3333333333333
386.31721903290116,1658.0
386.40995537385635,1637.3333333333333
386.5026923365806,1643.0
386.59542992033437,1645.3333333333333
386.68816812437757,1623.3333333333333
386.7809069479707,1670.6666666666667
386.8736463903738,1668.3333333333333
386.96638645084704,1644.6666666666667
387.0591271286506,1643.6666666666667
387.15186842304473,1658.0
387.24461033328976,1654.6666666666667
387.3373528586457,1641.0
387.43009599837285,1594.0
387.52283975173134,1618.3333333333333
387.61558411798137,1646.6666666666667
387.7083290963833,1612.6666666666667
387.8010746861971,1637.6666666666667
387.8938208866832,1668.6666666666667
387.9865676971016,1657.0
388.07931511671256,1623.0
388.17206314477636,1590.6666666666667
388.2648117805531,1638.6666666666667
388.35756102330305,1620.6666666666667
388.4503108722864,1608.3333333333333
388.5430613267633,1653.3333333333333
388.63581238599386,1665.6666666666667
388.7285640492385,1676.3333333333333
388.82131631575743,1613.3333333333333
388.9140691848106,1617.3333333333333
389.00682265565837,1619.6666666666667
389.09957672756093,1667.3333333333333
389.1923313997785,1619.3333333333333
389.28508667157126,1629.0
389.37784254219935,1633.6666666666667
389.4705990109231,1649.6666666666667
389.5633560770025,1622.0
389.6561137396979,1609.3333333333333
389.7488719982696,1603.0
389.84163085197764,1635.6666666666667
389.9343903000822,1647.0
390.02715034184354,1610.0
390.11991097652185,1602.3333333333333
390.2126722033774,1614.3333333333333
390.30543402167035,1594.0
390.39819643066085,1605.3333333333333
390.49095942960906,1627.3333333333333
390.5837230177754,1621.0
390.6764871944198,1617.3333333333333
390.7692519588026,1639.6666666666667
390.862017310184,1633.0
390.95478324782414,1626.0
391.04754977098327,1618.3333333333333
391.1403168789216,1635.0
391.23308457089934,1607.0
391.32585284617664,1638.3333333333333
391.41862170401373,1651.3333333333333
391.5113911436707,1646.0
391.60416116440797,1647.3333333333333
391.6969317654856,1664.0
391.7897029461638,1663.0
391.88247470570275,1645.3333333333333
391.97524704336274,1636.0
392.06801995840385,1644.6666666666667
392.1607934500863,1624.3333333333333
392.25356751767043,1621.0
392.34634216041627,1609.6666666666667
392.4391173775842,1623.3333333333333
392.5318931684342,1628.0
392.62466953222656,1634.6666666666667
392.71744646822157,1601.0
392.8102239756794,1620.6666666666667
392.9030020538601,1631.6666666666667
392.9957807020241,1638.3333333333333
393.08855991943136,1624.3333333333333
393.18133970534217,1602.3333333333333
393.27412005901687,1618.6666666666667
393.3669009797156,1644.3333333333333
393.45968246669844,1632.0
393.5524645192256,1606.6666666666667
393.6452471365573,1624.6666666666667
393.7380303179539,1655.0
393.8308140626755,1644.6666666666667
393.9235983699823,1624.3333333333333
394.0163832391343,1609.6666666666667
394.10916866939203,1615.3333333333333
394.20195466001553,1639.3333333333333
394.294741210265,1614.0
394.38752831940064,1620.6666666666667
394.4803159866827,1627.3333333333333
394.5731042113712,1607.3333333333333
394.6658929927265,1622.0
394.7586823300089,1660.0
394.8514722224785,1616.3333333333333
394.94426266939536,1649.3333333333333
395.0370536700199,1671.0
395.1298452236121,1680.0
395.2226373294323,1616.3333333333333
395.3154299867408,1587.3333333333333
395.40822319479764,1637.0
395.50101695286304,1655.3333333333333
395.5938112601972,1637.6666666666667
395.6866061160603,1621.3333333333333
395.7794015197126,1612.6666666666667
395.87219747041433,1620.3333333333333
395.96499396742564,1635.3333333333333
396.0577910100067,1633.0
396.1505885974177,1599.6666666666667
396.243386728919,1656.0
396.33618540377057,1660.6666666666667
396.4289846212328,1639.0
396.52178438056575,1618.3333333333333
396.6145846810297,1659.0
396.7073855218848,1633.6666666666667
396.8001869023913,1571.0
396.89298882180947,1608.6666666666667
396.98579127939934,1610.3333333333333
397.07859427442116,1625.3333333333333
397.17139780613513,1618.0
397.2642018738016,1647.3333333333333
397.35700647668057,1675.3333333333333
397.4498116140324,1666.0
397.5426172851171,1661.3333333333333
397.6354234891951,1618.0
397.7282302255263,1599.3333333333333
397.82103749337125,1613.0
397.9138452919899,1599.0
398.00665362064257,1611.6666666666667
398.0994624785894,1610.6666666666667
398.19227186509056,1603.0
398.28508177940637,1591.6666666666667
398.3778922207969,1636.0
398.4707031885225,1669.6666666666667
398.56351468184323,1670.0
398.6563267000193,1644.6666666666667
398.749139242311,1614.3333333333333
398.84195230797854,1600.3333333333333
398.934765896282,1606.6666666666667
399.02758000648157,1623.6666666666667
399.1203946378376,1576.0
399.2132097896101,1631.6666666666667
399.30602546105956,1666.6666666666667
399.39884165144593,1618.3333333333333
399.4916583600295,1599.0
399.58447558607037,1616.3333333333333
399.6772933288288,1639.0
399.7701115875651,1641.6666666666667
399.8629303615394,1636.6666666666667
399.95574965001185,1641.3333333333333
400.0485694522426,1649.3333333333333
400.141389767492,1630.0
400.2342105950201,1638.3333333333333
400.3270319340873,1653.0
400.4198537839536,1624.3333333333333
400.5126761438794,1637.6666666666667
400.60549901312464,1614.6666666666667
400.69832239094967,1605.6666666666667
400.79114627661477,1630.3333333333333
400.88397066938,1591.3333333333333
400.9767955685056,1608.3333333333333
401.06962097325174,1611.6666666666667
401.1624468828787,1607.3333333333333
401.2552732966467,1601.3333333333333
401.3481002138158,1658.6666666666667
401.44092763364637,1667.3333333333333
401.5337555553984,1652.3333333333333
401.6265839783323,1644.6666666666667
401.7194129017081,1625.0
401.81224232478615,1640.3333333333333
401.9050722468266,1638.0
401.99790266708965,1682.0
402.09073358483533,1702.6666666666667
402.18356499932406,1655.0
402.276396909816,1644.0
402.3692293155714,1626.6666666666667
402.46206221585027,1628.0
402.5548956099129,1629.0
402.64772949701955,1644.0
402.7405638764304,1655.6666666666667
402.83339874740557,1635.6666666666667
402.9262341092054,1661.6666666666667
403.01906996109,1653.0
403.11190630231954,1595.0
403.20474313215425,1607.6666666666667
403.2975804498543,1653.3333333333333
403.39041825468007,1618.0
403.48325654589155,1625.0
403.576095322749,1664.0
403.66893458451256,1649.6666666666667
403.76177433044256,1655.3333333333333
403.8546145597992,1645.0
403.94745527184256,1634.3333333333333
404.04029646583285,1651.3333333333333
404.13313814103043,1642.0
404.2259802966953,1612.0
404.31882293208787,1598.3333333333333
404.4116660464681,1625.0
404.5045096390964,1628.6666666666667
404.59735370923283,1612.0
404.69019825613753,1630.3333333333333
404.78304327907097,1640.6666666666667
404.8758887772932,1659.0
404.96873475006436,1634.6666666666667
405.0615811966446,1643.0
405.15442811629435,1639.6666666666667
405.2472755082736,1647.6666666666667
405.3401233718427,1611.3333333333333
405.4329717062618,1611.3333333333333
405.52582051079105,1658.3333333333333
405.6186697846906,1676.3333333333333
405.7115195272208,1643.3333333333333
405.8043697376417,1616.0
405.8972204152137,1623.3333333333333
405.99007155919685,1611.6666666666667
406.0829231688514,1597.0
406.1757752434374,1602.0
406.2686277822153,1606.0
406.3614807844452,1626.6666666666667
406.4543342493872,1624.0
406.54718817630163,1613.6666666666667
406.6400425644486,1606.0
406.7328974130883,1611.0
406.8257527214811,1623.0
406.91860848888706,1627.3333333333333
407.0114647145664,1652.6666666666667
407.10432139777924,1654.0
407.1971785377859,1632.3333333333333
407.2900361338465,1643.3333333333333
407.3828941852214,1635.3333333333333
407.4757526911706,1616.0
407.5686116509544,1669.6666666666667
407.661471063833,1652.6666666666667
407.7543309290665,1641.0
407.8471912459152,1627.3333333333333
407.94005201363933,1643.3333333333333
408.0329132314991,1646.6666666666667
408.12577489875446,1607.3333333333333
408.21863701466594,1667.6666666666667
408.31149957849357,1640.0
408.4043625894976,1614.6666666666667
408.49722604693824,1625.0
408.59008995007554,1632.6666666666667
408.6829542981699,1631.6666666666667
408.7758190904814,1658.6666666666667
408.86868432627034,1665.0
408.96155000479683,1638.3333333333333
409.05441612532115,1662.0
409.14728268710337,1666.0
409.2401496894038,1653.3333333333333
409.33301713148256,1609.6666666666667
409.4258850126,1612.3333333333333
409.51875333201616,1629.3333333333333
409.61162208899134,1632.6666666666667
409.7044912827856,1641.6666666666667
409.7973609126593,1643.3333333333333
409.89023097787265,1651.3333333333333
409.9831014776857,1664.3333333333333
410.07597241135875,1676.0
410.168843778152,1627.0
410.26171557732556,1604.6666666666667
410.3545878081398,1627.0
410.4474604698548,1616.3333333333333
410.54033356173073,1610.3333333333333
410.6332070830278,1615.6666666666667
410.7260810330063,1611.3333333333333
410.81895541092643,1606.0
410.9118302160483,1631.3333333333333
411.0047054476322,1633.6666666666667
411.0975811049382,1627.6666666666667
411.1904571872266,1622.0
411.2833336937576,1599.3333333333333
411.3762106237914,1628.6666666666667
411.4690879765881,1652.0
411.5619657514081,1639.6666666666667
411.6548439475114,1612.0
411.7477225641582,1655.0
411.8406016006089,1667.0
411.9334810561235,1648.3333333333333
412.02636092996244,1631.0
412.1192412213856,1652.3333333333333
412.21212192965334,1642.0
412.3050030540259,1640.6666666666667
412.3978845937635,1659.3333333333333
412.49076654812626,1608.3333333333333
412.58364891637433,1580.6666666666667
412.67653169776804,1607.0
412.76941489156746,1618.6666666666667
412.86229849703295,1603.3333333333333
412.9551825134246,1674.0
413.0480669400026,1677.3333333333333
413.1409517760272,1624.6666666666667
413.2338370207585,1619.6666666666667
413.3267226734569,1647.3333333333333
413.41960873338246,1657.3333333333333
413.51249519979535,1645.0
413.60538207195583,1649.3333333333333
413.69826934912413,1649.0
413.7911570305603,1704.6666666666667
413.8840451155248,1633.0
413.9769336032776,1591.3333333333333
414.069822493079,1636.3333333333333
414.1627117841892,1629.0
414.2556014758683,1563.3333333333333
414.34849156737664,1614.0
414.44138205797435,1632.0
414.53427294692165,1640.6666666666667
414.62716423347865,1602.3333333333333
414.7200559169057,1636.0
414.812947996463,1642.0
414.9058404714106,1651.0
414.9987333410088,1660.0
415.0916266045177,1631.6666666666667
415.1845202611977,1617.0
415.2774143103088,1620.0
415.37030875111134,1628.3333333333333
415.46320358286545,1636.3333333333333
415.5560988048313,1621.6666666666667
415.64899441626915,1633.6666666666667
415.74189041643916,1633.3333333333333
415.8347868046016,1614.6666666666667
415.9276835800166,1628.6666666666667
416.0205807419444,1646.0
416.1134782896451,1652.0
416.20637622237905,1683.0
416.2992745394063,1653.0
416.3921732399872,1630.6666666666667
416.4850723233819,1601.3333333333333
416.5779717888506,1582.3333333333333
416.6708716356534,1648.6666666666667
416.7637718630506,1673.0
416.8566724703024,1659.6666666666667
416.94957345666893,1659.6666666666667
417.0424748214105,1658.3333333333333
417.1353765637872,1629.3333333333333
417.22827868305933,1646.3333333333333
417.321181178487,1629.6666666666667
417.4140840493305,1613.0
417.50698729485,1613.0
417.5998909143056,1630.6666666666667
417.69279490695766,1639.6666666666667
417.78569927206615,1621.3333333333333
417.87860400889156,1675.3333333333333
417.97150911669394,1665.3333333333333
418.0644145947335,1619.6666666666667
418.15732044227036,1625.0
418.2502266585648,1632.0
418.3431332428771,1611.3333333333333
418.43604019446735,1647.6666666666667
418.52894751259583,1658.0
418.6218551965226,1623.6666666666667
418.71476324550804,1669.0
418.8076716588121,1626.6666666666667
418.9005804356953,1618.3333333333333
418.99348957541764,1658.0
419.0863990772394,1641.0
419.17930894042064,1647.3333333333333
419.27221916422167,1641.0
419.36512974790276,1659.0
419.458040690724,1635.3333333333333
419.5509519919456,1603.0
419.64386365082777,1642.0
419.7367756666307,1604.3333333333333
419.8296880386147,1644.6666666666667
419.92260076603986,1633.6666666666667
420.0155138481664,1642.0
420.10842728425445,1662.0
420.2013410735643,1631.3333333333333
420.2942552153561,1626.3333333333333
420.3871697088902,1620.0
420.4800845534266,1620.3333333333333
420.5729997482256,1603.0
420.6659152925473,1579.3333333333333
420.75883118565207,1617.6666666666667
420.85174742680005,1635.6666666666667
420.94466401525136,1621.0
421.03758095026626,1609.3333333333333
421.13049823110487,1613.3333333333333
421.2234158570276,1619.3333333333333
421.3163338272944,1615.3333333333333
421.4092521411656,1634.3333333333333
421.50217079790144,1619.0
421.595089796762,1671.0
421.6880091370075,1636.0
421.78092881789826,1616.6666666666667
421.87384883869436,1611.3333333333333
421.96676919865604,1618.0
422.05968989704354,1640.6666666666667
422.152610933117,1623.0
422.24553230613657,1635.3333333333333
422.3384540153626,1641.3333333333333
422.4313760600552,1630.3333333333333
422.5242984394746,1642.0
422.6172211528809,1631.0
422.71014419953445,1632.3333333333333
422.8030675786953,1621.6666666666667
422.89599128962385,1613.0
422.98891533158013,1662.0
423.0818397038244,1695.3333333333333
423.17476440561677,1666.0
423.26768943621755,1628.0
423.36061479488694,1621.6666666666667
423.4535404808852,1700.6666666666667
423.54646649347234,1688.0
423.6393928319086,1596.6666666666667
423.73231949545436,1568.6666666666667
423.82524648336965,1644.6666666666667
423.9181737949147,1628.0
424.01110142934976,1651.6666666666667
424.10402938593506,1644.3333333333333
424.1969576639306,1620.6666666666667
424.2898862625967,1613.6666666666667
424.38281518119373,1603.0
424.4757444189817,1609.0
424.56867397522086,1612.3333333333333
424.66160384917134,1638.0
424.75453404009346,1675.0
424.8474645472472,1670.6666666666667
424.94039536989317,1655.0
425.03332650729124,1619.3333333333333
425.1262579587016,1620.0
425.2191897233846,1640.0
425.3121218006003,1654.3333333333333
425.4050541896091,1624.6666666666667
425.49798688967104,1657.6666666666667
425.59091990004634,1695.0
425.6838532199952,1656.6666666666667
425.7767868487779,1611.0
425.8697207856545,1633.0
425.9626550298854,1627.6666666666667
426.05558958073067,1618.6666666666667
426.14852443745036,1615.3333333333333
426.24145959930496,1628.3333333333333
426.3343950655545,1614.3333333333333
426.42733083545926,1601.6666666666667
426.5202669082794,1600.6666666666667
426.6132032832751,1601.6666666666667
426.7061399597065,1618.6666666666667
426.7990769368339,1625.6666666666667
426.89201421391755,1678.0
426.98495179021756,1661.3333333333333
427.0778896649942,1642.0
427.17082783750755,1633.6666666666667
427.26376630701793,1636.0
427.3567050727854,1608.0
427.44964413407035,1582.3333333333333
427.5425834901328,1650.6666666666667
427.63552314023315,1660.3333333333333
427.72846308363137,1653.6666666666667
427.8214033195877,1639.0
427.91434384736255,1658.3333333333333
428.007284666216,1653.3333333333333
428.10022577540815,1600.0
428.1931671741993,1608.0
428.2861088618496,1644.3333333333333
428.37905083761933,1644.6666666666667
428.47199310076866,1644.6666666666667
428.5649356505577,1638.0
428.6578784862468,1599.0
428.750821607096,1608.6666666666667
428.84376501236557,1642.6666666666667
428.93670870131575,1656.0
429.0296526732068,1646.3333333333333
429.12259692729873,1660.0
429.2155414628519,1680.6666666666667
429.3084862791263,1670.3333333333333
429.4014313753824,1656.3333333333333
429.4943767508803,1639.6666666666667
429.5873224048802,1612.3333333333333
429.6802683366422,1619.3333333333333
429.7732145454266,1660.3333333333333
429.8661610304936,1638.6666666666667
429.95910779110335,1630.3333333333333
430.05205482651616,1649.3333333333333
430.14500213599206,1652.0
430.23794971879136,1670.0
430.3308975741742,1657.3333333333333
430.42384570140086,1645.0
430.51679409973156,1647.6666666666667
430.6097427684264,1618.0
430.70269170674555,1605.3333333333333
430.79564091394934,1621.0
430.888590389298,1654.3333333333333
430.98154013205146,1630.0
431.0744901414703,1624.0
431.1674404168143,1633.6666666666667
431.26039095734404,1659.0
431.3533417623195,1632.3333333333333
431.44629283100096,1609.3333333333333
431.5392441626486,1588.6666666666667
431.6321957565226,1645.6666666666667
431.7251476118832,1628.0
431.8180997279905,1625.6666666666667
431.9110521041049,1638.6666666666667
432.00400473948645,1650.0
432.0969576333954,1647.3333333333333
432.1899107850918,1609.6666666666667
432.28286419383613,1610.0
432.3758178588883,1626.3333333333333
432.4687717795088,1611.3333333333333
432.56172595495764,1614.6666666666667
432.654680384495,1619.6666666666667
432.74763506738117,1650.6666666666667
432.84059000287624,1647.0
432.93354519024064,1600.6666666666667
433.02650062873437,1629.0
433.1194563176177,1668.6666666666667
433.21241225615074,1673.0
433.3053684435937,1674.0
433.39832487920694,1676.0
433.4912815622506,1641.3333333333333
433.5842384919848,1632.6666666666667
433.67719566766976,1656.3333333333333
433.77015308856573,1656.3333333333333
433.8631107539328,1647.3333333333333
433.9560686630313,1646.0
434.04902681512147,1613.0
434.1419852094633,1624.0
434.23494384531716,1626.6666666666667
434.32790272194313,1624.3333333333333
434.4208618386016,1638.0
434.5138211945526,1675.3333333333333
434.6067807890564,1676.3333333333333
434.69974062137305,1641.6666666666667
434.79270069076307,1600.3333333333333
434.8856609964863,1606.0
434.9786215378032,1614.6666666666667
435.0715823139739,1651.3333333333333
435.1645433242586,1635.3333333333333
435.2575045679174,1623.3333333333333
435.3504660442106,1626.6666666666667
435.4434277523984,1617.0
435.53638969174096,1622.0
435.6293518614985,1644.3333333333333
435.7223142609312,1633.3333333333333
435.81527688929935,1580.0
435.908239745863,1639.0
436.0012028298825,1642.6666666666667
436.094166140618,1651.6666666666667
436.1871296773296,1626.3333333333333
436.2800934392776,1660.3333333333333
436.3730574257222,1617.0
436.4660216359236,1632.3333333333333
436.55898606914195,1661.6666666666667
436.65195072463746,1641.6666666666667
436.7449156016703,1636.0
436.8378806995008,1657.3333333333333
436.9308460173891,1624.0
437.02381155459534,1678.6666666666667
437.1167773103798,1664.0
437.20974328400257,1632.3333333333333
437.302709474724,1647.0
437.39567588180415,1667.6666666666667
437.4886425045033,1645.3333333333333
437.58160934208166,1655.6666666666667
437.6745763937994,1636.0
437.7675436589166,1630.6666666666667
437.8605111366937,1637.6666666666667
437.9534788263907,1631.0
438.046446727268,1630.3333333333333
438.1394148385856,1642.0
438.2323831596038,1651.6666666666667
438.32535168958276,1626.0
438.4183204277827,1619.0
438.5112893734638,1653.6666666666667
438.6042585258864,1639.0
438.6972278843105,1674.3333333333333
438.7901974479963,1657.3333333333333
438.88316721620413,1673.3333333333333
438.9761371881942,1648.6666666666667
439.06910736322664,1645.6666666666667
439.16207774056164,1681.0
439.2550483194593,1642.0
439.3480190991801,1630.6666666666667
439.44099007898404,1685.3333333333333
439.53396125813134,1639.3333333333333
439.62693263588227,1640.3333333333333
439.7199042114969,1671.3333333333333
439.8128759842356,1651.6666666666667
439.9058479533583,1634.3333333333333
439.9988201181256,1621.3333333333333
440.0917924777974,1640.6666666666667
440.184765031634,1630.0
440.27773777889547,1626.3333333333333
440.3707107188422,1600.0
440.46368385073436,1584.6666666666667
440.55665717383204,1644.3333333333333
440.64963068739553,1656.6666666666667
440.74260439068496,1639.0
440.83557828296057,1642.6666666666667
440.92855236348254,1633.3333333333333
441.0215266315112,1627.3333333333333
441.1145010863066,1640.0
441.20747572712895,1646.0
441.3004505532384,1641.0
441.39342556389533,1612.6666666666667
441.4864007583598,1619.3333333333333
441.5793761358921,1650.3333333333333
441.67235169575235,1632.6666666666667
441.76532743720077,1648.3333333333333
441.8583033594976,1652.0
441.95127946190297,1631.6666666666667
442.0442557436772,1653.0
442.1372322040803,1633.3333333333333
442.23020884237263,1629.3333333333333
442.32318565781435,1679.3333333333333
442.41616264966564,1671.6666666666667
442.50913981718674,1631.6666666666667
442.60211715963777,1644.3333333333333
442.695094676279,1643.6666666666667
442.78807236637056,1612.0
442.88105022917273,1616.6666666666667
442.97402826394574,1654.3333333333333
443.0670064699497,1648.6666666666667
443.1599848464449,1621.0
443.25296339269136,1618.3333333333333
443.34594210794944,1632.0
443.4389209914793,1645.6666666666667
443.53190004254117,1643.0
443.6248792603952,1583.6666666666667
443.71785864430166,1595.0
443.81083819352057,1627.3333333333333
443.9038179073123,1654.0
443.9967977849371,1626.0
444.089777825655,1644.3333333333333
444.18275802872637,1621.6666666666667
444.27573839341125,1673.3333333333333
444.3687189189699,1620.0
444.46169960466256,1631.3333333333333
444.5546804497494,1624.0
444.6476614534906,1640.0
444.7406426151463,1624.3333333333333
444.8336239339769,1643.3333333333333
444.9266054092425,1653.3333333333333
445.0195870402032,1649.6666666666667
445.11256882611934,1633.0
445.20555076625106,1645.3333333333333
445.2985328598585,1659.6666666666667
445.39151510620195,1626.3333333333333
445.48449750454154,1612.3333333333333
445.57748005413765,1617.0
445.6704627542502,1612.6666666666667
445.7634456041395,1607.0
445.8564286030659,1621.3333333333333
445.9494117502894,1626.0
446.04239504507035,1623.3333333333333
446.13537848666886,1628.0
446.22836207434517,1626.6666666666667
446.32134580735936,1609.0
446.4143296849718,1636.0
446.5073137064426,1662.0
446.600297871032,1667.6666666666667
446.6932821780002,1645.6666666666667
446.7862666266073,1696.0
446.8792512161136,1663.6666666666667
446.97223594577935,1597.6666666666667
447.06522081486463,1601.6666666666667
447.1582058226297,1609.3333333333333
447.2511909683348,1637.6666666666667
447.34417625123996,1637.0
447.4371616706056,1621.6666666666667
447.5301472256918,1620.0
447.6231329157588,1587.0
447.71611874006675,1597.3333333333333
447.8091046978758,1623.6666666666667
447.90209078844634,1611.3333333333333
447.9950770110384,1622.3333333333333
448.08806336491233,1654.0
448.1810498493282,1648.3333333333333
448.27403646354617,1653.6666666666667
448.36702320682656,1638.6666666666667
448.4600100784296,1618.3333333333333
448.5529970776154,1661.0
448.64598420364416,1609.6666666666667
448.73897145577604,1603.3333333333333
448.83195883327136,1607.6666666666667
448.9249463353902,1645.0
449.0179339613929,1587.0
449.11092171053957,1584.6666666666667
449.20390958209043,1601.3333333333333
449.2968975753056,1613.6666666666667
449.38988568944535,1611.0
449.48287392376994,1626.6666666666667
449.5758622775395,1601.3333333333333
449.66885075001426,1599.6666666666667
449.7618393404544,1658.6666666666667
449.85482804812005,1637.3333333333333
449.9478168722715,1635.3333333333333
450.0408058121689,1642.6666666666667
450.1337948670726,1673.3333333333333
450.22678403624263,1639.3333333333333
450.31977331893916,1614.3333333333333
450.4127627144225,1617.0
450.5057522219529,1654.3333333333333
450.59874184079047,1664.3333333333333
450.6917315701954,1644.6666666666667
450.78472140942785,1618.0
450.8777113577481,1601.6666666666667
450.97070141441634,1644.3333333333333
451.0636915786928,1660.0
451.15668184983764,1651.3333333333333
451.24967222711103,1637.3333333333333
451.34266270977315,1640.3333333333333
451.4356532970843,1600.0
451.52864398830457,1612.3333333333333
451.62163478269434,1626.6666666666667
451.71462567951363,1645.0
451.8076166780227,1660.3333333333333
451.90060777748175,1615.0
451.99359897715095,1565.3333333333333
452.08659027629056,1628.3333333333333
452.1795816741608,1610.3333333333333
452.2725731700218,1607.0
452.3655647631337,1662.0
452.4585564527568,1638.6666666666667
452.5515482381513,1599.3333333333333
452.6445401185774,1575.6666666666667
452.7375320932954,1632.6666666666667
452.83052416156517,1647.3333333333333
452.9235163226472,1657.6666666666667
453.0165085758016,1670.0
453.1095009202886,1643.6666666666667
453.20249335536835,1658.0
453.2954858803011,1669.3333333333333
453.38847849434705,1642.6666666666667
453.4814711967663,1599.6666666666667
453.57446398681924,1622.0
453.66745686376595,1620.0
453.7604498268666,1613.3333333333333
453.85344287538135,1639.0
453.9464360085706,1620.6666666666667
454.03942922569433,1638.0
454.132422526013,1639.0
454.22541590878654,1607.0
454.31840937327524,1633.3333333333333
454.4114029187393,1628.6666666666667
454.504396544439,1624.6666666666667
454.5973902496345,1624.0
454.69038403358593,1674.6666666666667
454.7833778955536,1659.0
454.8763718347976,1619.6666666666667
454.9693658505782,1618.3333333333333
455.0623599421555,1653.6666666666667
455.15535410878994,1662.6666666666667
455.24834834974143,1669.3333333333333
455.34134266427037,1665.0
455.4343370516368,1658.0
455.52733151110107,1678.6666666666667
455.62032604192336,1671.6666666666667
455.7133206433638,1649.0
455.80631531468254,1634.0
455.89931005513995,1614.6666666666667
455.99230486399614,1564.3333333333333
456.0852997405113,1553.6666666666667
456.1782946839457,1604.3333333333333
456.27128969355937,1610.0
456.36428476861266,1619.0
456.45727990836565,1640.6666666666667
456.55027511207874,1622.0
456.643270379012,1609.0
456.7362657084256,1634.3333333333333
456.82926109957975,1618.0
456.92225655173473,1623.3333333333333
457.0152520641507,1642.0
457.1082476360878,1629.0
457.20124326680633,1628.0
457.29423895556647,1644.6666666666667
457.3872347016283,1638.3333333333333
457.4802305042521,1625.6666666666667
457.57322636269816,1599.6666666666667
457.6662222762266,1643.0
457.7592182440976,1639.3333333333333
457.8522142655714,1657.6666666666667
457.94521033990804,1610.6666666666667
458.038206466368,1623.0
458.1312026442113,1637.3333333333333
458.22419887269825,1652.0
458.31719515108887,1642.0
458.4101914786436,1668.3333333333333
458.50318785462235,1648.6666666666667
458.5961842782856,1673.6666666666667
458.68918074889336,1653.6666666666667
458.782177265706,1650.6666666666667
458.8751738279835,1645.0
458.96817043498623,1640.0
459.0611670859743,1622.6666666666667
459.154163780208,1606.0
459.24716051694753,1607.6666666666667
459.3401572954529,1629.6666666666667
459.4331541149846,1645.0
459.52615097480253,1630.0
459.6191478741672,1619.3333333333333
459.7121448123386,1651.0
459.8051417885769,1626.0
459.89813880214246,1629.6666666666667
459.9911358522953,1640.6666666666667
460.0841329382958,1635.3333333333333
460.1771300594041,1628.0
460.2701272148804,1622.3333333333333
460.36312440398484,1618.6666666666667
460.4561216259776,1598.6666666666667
460.54911888011895,1663.0
460.64211616566917,1625.3333333333333
460.73511348188833,1608.3333333333333
460.8281108280367,1621.0
460.92110820337433,1613.6666666666667
461.0141056071616,1666.0
461.1071030386587,1640.3333333333333
461.20010049712573,1638.0
461.29309798182305,1616.6666666666667
461.3860954920106,1634.6666666666667
461.47909302694876,1619.3333333333333
461.57209058589774,1668.6666666666667
461.66508816811773,1620.0
461.75808577286887,1613.6666666666667
461.8510833994114,1635.0
461.9440810470054,1626.0
462.0370787149113,1639.3333333333333
462.13007640238914,1664.3333333333333
462.2230741086992,1674.6666666666667
462.31607183310166,1648.6666666666667
462.4090695748565,1659.6666666666667
462.5020673332243,1631.0
462.5950651074651,1598.3333333333333
462.688062896839,1635.6666666666667
462.7810607006064,1631.3333333333333
462.8740585180273,1622.3333333333333
462.9670563483619,1642.0
463.0600541908706,1661.3333333333333
463.1530520448134,1607.6666666666667
463.2460499094506,1651.3333333333333
463.3390477840424,1616.3333333333333
463.4320456678489,1588.6666666666667
463.5250435601304,1602.3333333333333
463.61804146014725,1616.3333333333333
463.71103936715934,1626.3333333333333
463.80403728042705,1606.6666666666667
463.89703519921056,1633.3333333333333
463.9900331227699,1649.0
464.08303105036555,1643.3333333333333
464.17602898125756,1660.3333333333333
464.26902691470616,1621.0
464.3620248499716,1645.6666666666667
464.45502278631386,1653.0
464.54802072299344,1634.0
464.64101865927034,1622.6666666666667
464.73401659440486,1646.3333333333333
464.8270145276572,1657.3333333333333
464.9200124582873,1629.6666666666667
465.01301038555573,1624.6666666666667
465.1060083087226,1629.6666666666667
465.199006227048,1646.3333333333333
465.2920041397922,1643.0
465.38500204621533,1635.3333333333333
465.4779999455776,1631.3333333333333
465.5709978371393,1604.0
465.66399572016064,1608.3333333333333
465.75699359390177,1637.3333333333333
465.84999145762276,1632.0
465.9429893105839,1606.0
466.03598715204555,1607.6666666666667
466.12898498126776,1616.3333333333333
466.22198279751075,1650.0
466.3149806000347,1626.3333333333333
466.40797838809993,1667.3333333333333
466.50097616096633,1643.6666666666667
466.5939739178944,1616.6666666666667
466.68697165814433,1601.3333333333333
466.7799693809762,1603.6666666666667
466.8729670856502,1621.0
466.9659647714265,1608.6666666666667
467.0589624375656,1637.3333333333333
467.1519600833273,1624.0
467.2449577079721,1665.6666666666667
467.33795531076004,1660.0
467.4309528909513,1627.3333333333333
467.5239504478062,1676.6666666666667
467.6169479805849,1645.3333333333333
467.70994548854753,1656.6666666666667
467.8029429709544,1655.6666666666667
467.8959404270656,1630.3333333333333
467.9889378561413,1647.3333333333333
468.08193525744196,1634.0
468.1749326302275,1612.0
468.2679299737582,1627.6666666666667
468.3609272872944,1655.0
468.45392457009604,1652.6666666666667
468.5469218214235,1662.6666666666667
468.63991904053694,1637.3333333333333
468.7329162266966,1669.0
468.8259133791626,1659.0
468.91891049719527,1601.3333333333333
469.0119075800545,1631.6666666666667
469.1049046270009,1640.6666666666667
469.1979016372944,1672.6666666666667
469.29089861019537,1661.3333333333333
469.3838955449639,1641.6666666666667
469.47689244086007,1625.0
469.56988929714436,1588.6666666666667
469.66288611307675,1655.0
469.7558828879176,1663.0
469.84887962092705,1635.3333333333333
469.9418763113652,1647.3333333333333
470.03487295849226,1613.6666666666667
470.1278695615686,1597.3333333333333
470.22086611985435,1623.3333333333333
470.31386263260964,1667.3333333333333
470.40685909909473,1656.6666666666667
470.4998555185697,1683.6666666666667
470.592851890295,1629.3333333333333
470.68584821353056,1620.0
470.7788444875368,1637.3333333333333
470.87184071157384,1632.6666666666667
470.9648368849017,1640.3333333333333
471.0578330067808,1661.6666666666667
471.1508290764714,1648.6666666666667
471.24382509323345,1634.3333333333333
471.3368210563273,1630.6666666666667
471.42981696501323,1630.0
471.52281281855113,1625.3333333333333
471.6158086162016,1629.0
471.7088043572246,1617.6666666666667
471.8018000408804,1630.3333333333333
471.89479566642916,1620.3333333333333
471.98779123313096,1651.3333333333333
472.0807867402463,1644.3333333333333
472.1737821870352,1629.0
472.2667775727579,1647.0
472.3597728966746,1648.6666666666667
472.45276815804544,1645.0
472.5457633561305,1646.0
472.63875849019036,1577.6666666666667
472.73175355948496,1595.6666666666667
472.8247485632745,1627.3333333333333
472.91774350081926,1650.3333333333333
473.0107383713793,1638.6666666666667
473.103733174215,1622.6666666666667
473.1967279085865,1649.6666666666667
473.289722573754,1650.3333333333333
473.38271716897765,1646.0
473.47571169351755,1672.3333333333333
473.56870614663416,1664.6666666666667
473.6617005275876,1624.0
473.7546948356379,1608.6666666666667
473.8476890700455,1628.6666666666667
473.9406832300704,1620.3333333333333
474.03367731497275,1640.6666666666667
474.12667132401305,1621.0
474.2196652564514,1609.0
474.3126591115478,1622.0
474.4056528885626,1657.3333333333333
474.49864658675597,1651.6666666666667
474.5916402053881,1631.3333333333333
474.68463374371925,1648.0
474.77762720100964,1639.0
474.8706205765194,1627.0
474.96361386950866,1630.3333333333333
475.05660707923766,1615.3333333333333
475.14960020496676,1595.6666666666667
475.242593245956,1618.3333333333333
475.3355862014656,1648.6666666666667
475.4285790707558,1639.6666666666667
475.5215718530867,1613.6666666666667
475.6145645477187,1602.6666666666667
475.7075571539118,1600.3333333333333
475.80054967092633,1622.0
475.89354209802246,1650.3333333333333
475.9865344344602,1642.0
476.07952667950013,1657.6666666666667
476.17251883240215,1629.3333333333333
476.26551089242656,1617.0
476.3585028588336,1641.6666666666667
476.4514947308834,1655.3333333333333
476.54448650783604,1659.0
476.63747818895206,1684.3333333333333
476.73046977349134,1683.6666666666667
476.8234612607143,1671.6666666666667
476.9164526498809,1639.3333333333333
477.0094439402515,1617.3333333333333
477.10243513108634,1627.3333333333333
477.19542622164556,1607.6666666666667
477.28841721118937,1589.0
477.381408098978,1629.6666666666667
477.4743988842716,1667.0
477.5673895663302,1663.6666666666667
477.6603801444143,1645.0
477.753370617784,1627.0
477.84636098569956,1632.6666666666667
477.939351247421,1617.3333333333333
478.03234140220854,1626.6666666666667
478.1253314493225,1639.3333333333333
478.2183213880232,1634.6666666666667
478.31131121757056,1603.3333333333333
478.4043009372249,1623.0
478.4972905462464,1640.3333333333333
478.59028004389535,1598.3333333333333
478.68326942943185,1593.6666666666667
478.77625870211614,1623.3333333333333
478.8692478612084,1605.0
478.96223690596884,1580.6666666666667
479.05522583565755,1603.3333333333333
479.14821464953496,1618.6666666666667
479.24120334686114,1584.0
479.3341919268963,1630.0
479.4271803889007,1615.3333333333333
479.52016873213427,1613.6666666666667
479.6131569558576,1644.3333333333333
479.7061450593307,1682.3333333333333
479.7991330418138,1654.3333333333333
479.892120902567,1642.6666666666667
479.9851086408507,1618.0
480.0780962559248,1637.3333333333333
480.1710837470497,1655.0
480.26407111348567,1670.3333333333333
480.3570583544929,1677.0
480.45004546933137,1635.3333333333333
480.5430324572614,1650.0
480.6360193175433,1609.3333333333333
480.7290060494372,1621.6666666666667
480.8219926522032,1597.3333333333333
480.91497912510164,1612.3333333333333
481.0079654673925,1635.3333333333333
481.10095167833634,1627.0
481.1939377571931,1616.6666666666667
481.28692370322307,1665.6666666666667
481.3799095156864,1665.6666666666667
481.47289519384327,1661.6666666666667
481.5658807369539,1643.3333333333333
481.65886614427853,1631.3333333333333
481.7518514150774,1634.6666666666667
481.8448365486106,1661.6666666666667
481.93782154413844,1652.6666666666667
482.03080640092094,1651.3333333333333
482.1237911182185,1630.0
482.21677569529123,1626.6666666666667
482.30976013139934,1652.6666666666667
482.40274442580306,1668.6666666666667
482.4957285777626,1666.0
482.58871258653795,1647.3333333333333
482.68169645138954,1616.6666666666667
482.7746801715776,1603.3333333333333
482.86766374636215,1608.3333333333333
482.9606471750036,1633.3333333333333
483.0536304567618,1659.3333333333333
483.1466135908974,1660.6666666666667
483.23959657667035,1668.6666666666667
483.33257941334085,1656.0
483.42556210016915,1621.6666666666667
483.5185446364154,1636.0
483.6115270213397,1662.6666666666667
483.7045092542026,1651.3333333333333
483.797491334264,1645.3333333333333
483.8904732607842,1642.0
483.98345503302335,1635.6666666666667
484.07643665024153,1609.0
484.1694181116993,1636.0
484.2623994166566,1678.3333333333333
484.3553805643737,1641.0
484.4483615541108,1601.6666666666667
484.5413423851279,1613.0
484.63432305668556,1619.0
484.7273035680438,1635.0
484.82028391846274,1621.6666666666667
484.91326410720274,1614.6666666666667
485.0062441335239,1642.3333333333333
485.0992239966863,1619.0
485.1922036959504,1592.6666666666667
485.28518323057625,1655.0
485.3781625998242,1671.6666666666667
485.4711418029542,1657.3333333333333
485.5641208392266,1651.0
485.6570997079016,1619.0
485.75007840823935,1618.6666666666667
485.8430569395001,1653.0
485.93603530094407,1639.6666666666667
486.0290134918314,1646.0
486.1219915114222,1675.3333333333333
486.21496935897693,1626.3333333333333
486.30794703375557,1626.3333333333333
486.4009245350184,1643.6666666666667
486.4939018620256,1626.0
486.5868790140373,1650.3333333333333
486.6798559903139,1658.3333333333333
486.77283279011544,1665.0
486.8658094127023,1623.6666666666667
486.95878585733436,1620.0
487.051762123272,1635.6666666666667
487.1447382097755,1652.3333333333333
487.23771411610494,1655.6666666666667
487.3306898415206,1667.6666666666667
487.4236653852826,1695.6666666666667
487.5166407466512,1677.0
487.60961592488655,1597.0
487.70259091924885,1591.0
487.79556572899844,1619.0
487.88854035339534,1593.6666666666667
487.98151479169985,1642.3333333333333
488.0744890431721,1625.0
488.16746310707236,1617.3333333333333
488.2604369826608,1618.3333333333333
488.3534106691976,1652.6666666666667
488.446384165943,1636.0
488.53935747215723,1643.3333333333333
488.6323305871002,1640.3333333333333
488.72530351003263,1646.3333333333333
488.81827624021435,1673.3333333333333
488.91124877690567,1671.6666666666667
489.0042211193668,1635.3333333333333
489.0971932668577,1653.0
489.1901652186389,1637.0
489.28313697397056,1654.0
489.37610853211277,1677.0
489.4690798923258,1651.6666666666667
489.56205105386965,1629.0
489.65502201600475,1625.0
489.7479927779913,1607.0
489.84096333908946,1589.0
489.9339336985594,1587.0
490.0269038556612,1649.0
490.11987380965513,1621.0
490.21284355980157,1599.3333333333333
490.3058131053606,1632.3333333333333
490.39878244559236,1641.3333333333333
490.49175157975714,1619.6666666666667
490.584720507115,1594.6666666666667
490.6776892269263,1584.6666666666667
490.7706577384512,1626.6666666666667
490.8636260409499,1615.6666666666667
490.9565941336826,1593.0
491.04956201590943,1617.3333333333333
491.14252968689055,1646.0
491.23549714588637,1645.0
491.328464392157,1657.6666666666667
491.4214314249625,1629.6666666666667
491.5143982435633,1619.0
491.6073648472193,1632.0
491.700331235191,1643.6666666666667
491.7932974067385,1641.6666666666667
491.88626336112196,1595.6666666666667
491.9792290976016,1593.0
492.0721946154375,1623.0
492.16515991389014,1656.3333333333333
492.25812499221956,1663.3333333333333
492.3510898496859,1649.6666666666667
492.4440544855495,1647.3333333333333
492.5370188990704,1637.3333333333333
492.6299830895088,1624.0
492.72294705612507,1633.0
492.81591079817935,1654.6666666666667
492.90887431493184,1634.0
493.00183760564266,1654.0
493.09480066957195,1651.6666666666667
493.1877635059801,1640.0
493.28072611412733,1657.0
493.3736884932736,1640.0
493.4666506426794,1635.3333333333333
493.5596125616047,1618.3333333333333
493.6525742493096,1613.3333333333333
493.74553570505475,1594.3333333333333
493.83849692809997,1592.3333333333333
493.93145791770564,1594.6666666666667
494.02441867313183,1627.0
494.11737919363867,1623.6666666666667
494.2103394784867,1621.6666666666667
494.3032995269358,1614.6666666666667
494.39625933824635,1653.0
494.48921891167845,1668.0
494.5821782464922,1646.3333333333333
494.67513734194813,1639.3333333333333
494.76809619730614,1641.3333333333333
494.8610548118266,1665.6666666666667
494.9540131847696,1634.3333333333333
495.0469713153954,1577.3333333333333
495.139929202964,1592.6666666666667
495.23288684673605,1623.6666666666667
495.3258442459713,1608.6666666666667
495.41880139993026,1664.0
495.5117583078729,1646.3333333333333
495.6047149690595,1645.0
495.69767138275034,1669.6666666666667
495.7906275482056,1639.3333333333333
495.8835834646854,1658.3333333333333
495.97653913145,1685.0
496.0694945477596,1622.3333333333333
496.1624497128742,1596.3333333333333
496.2554046260543,1546.0
496.34835928656,1601.3333333333333
496.4413136936515,1634.3333333333333
496.534267846589,1612.0
496.6272217446325,1607.3333333333333
496.72017538704256,1629.3333333333333
496.81312877307914,1633.0
496.90608190200254,1619.6666666666667
496.99903477307294,1608.0
497.0919873855505,1607.6666666666667
497.18493973869533,1632.6666666666667
497.2778918317678,1631.0
497.37084366402814,1628.3333333333333
497.4637952347364,1654.3333333333333
497.5567465431528,1675.0
497.64969758853755,1656.0
497.74264837015096,1630.6666666666667
497.8355988872531,1622.0
497.92854913910435,1611.0
498.0214991249647,1655.6666666666667
498.1144488440943,1644.0
498.20739829575365,1638.3333333333333
498.3003474792027,1662.6666666666667
498.39329639370175,1643.3333333333333
498.486245038511,1643.6666666666667
498.5791934128906,1698.3333333333333
498.67214151610074,1667.6666666666667
498.7650893474017,1648.6666666666667
498.8580369060537,1668.6666666666667
498.9509841913168,1650.6666666666667
499.04393120245135,1623.0
499.13687793871736,1628.3333333333333
499.2298243993753,1626.6666666666667
499.32277058368516,1606.0
499.4157164909072,1621.6666666666667
499.50866212030166,1642.0
499.6016074711286,1651.0
499.6945525426483,1632.0
499.7874973341211,1610.0
499.880441844807,1612.6666666666667
499.97338607396637,1609.3333333333333
500.0663300208593,1634.0
500.15927368474587,1652.3333333333333
500.25221706488657,1628.3333333333333
500.3451601605414,1607.3333333333333
500.43810297097065,1591.0
500.53104549543446,1611.0
500.62398773319285,1608.6666666666667
500.71692968350646,1624.0
500.8098713456352,1652.0
500.9028127188393,1663.3333333333333
500.99575380237906,1666.0
501.08869459551454,1625.3333333333333
501.18163509750593,1591.3333333333333
501.2745753076136,1632.3333333333333
501.3675152250976,1632.0
501.4604548492182,1635.0
501.55339417923557,1637.0
501.6463332144098,1642.6666666666667
501.7392719540014,1636.6666666666667
501.83221039727033,1628.3333333333333
501.9251485434769,1636.0
502.0180863918811,1653.0
502.11102394174344,1648.3333333333333
502.20396119232373,1637.3333333333333
502.2968981428826,1622.0
502.38983479268,1600.3333333333333
502.4827711409762,1611.0
502.5757071870313,1623.6666666666667
502.66864293010553,1657.6666666666667
502.76157836945936,1628.0
502.8545135043526,1620.0
502.9474483340457,1606.3333333333333
503.04038285779876,1615.6666666666667
503.1333170748719,1625.0
503.22625098452556,1643.6666666666667
503.3191845860198,1668.6666666666667
503.41211787861477,1669.0
503.50505086157074,1648.0
503.5979835341479,1668.3333333333333
503.69091589560634,1662.3333333333333
503.78384794520645,1606.6666666666667
503.87677968220834,1590.3333333333333
503.9697111058722,1641.6666666666667
504.06264221545825,1630.0
504.1555730102266,1633.6666666666667
504.24850348943755,1648.3333333333333
504.3414336523513,1646.0
504.43436349822815,1633.6666666666667
504.52729302632804,1641.3333333333333
504.6202222359114,1644.6666666666667
504.7131511262382,1628.3333333333333
504.80607969656893,1625.3333333333333
504.8990079461636,1646.0
504.99193587428243,1627.6666666666667
505.0848634801856,1614.0
505.1777907631333,1632.6666666666667
505.27071772238594,1650.3333333333333
505.3636443572035,1637.3333333333333
505.4565706668463,1621.6666666666667
505.5494966505744,1627.3333333333333
505.64242230764796,1606.6666666666667
505.7353476373275,1595.6666666666667
505.82827263887293,1603.0
505.9211973115446,1622.3333333333333
506.01412165460266,1654.3333333333333
506.10704566730726,1619.6666666666667
506.1999693489185,1591.6666666666667
506.29289269869685,1621.6666666666667
506.3858157159024,1615.6666666666667
506.47873839979536,1583.6666666666667
506.5716607496359,1608.0
506.66458276468404,1562.3333333333333
506.75750444420026,1597.6666666666667
506.85042578744475,1613.0
506.9433467936776,1659.6666666666667
507.036267462159,1645.6666666666667
507.12918779214925,1647.6666666666667
507.22210778290827,1655.6666666666667
507.3150274336966,1637.0
507.4079467437744,1624.3333333333333
507.5008657124017,1630.0
507.59378433883876,1590.6666666666667
507.68670262234576,1610.3333333333333
507.779620562183,1634.3333333333333
507.8725381576105,1618.0
507.9654554078888,1652.0
508.05837231227775,1667.6666666666667
508.15128887003766,1634.3333333333333
508.24420508042886,1623.6666666666667
508.3371209427113,1637.0
508.43003645614544,1613.6666666666667
508.5229516199914,1643.6666666666667
508.61586643350915,1634.6666666666667
508.7087808959592,1634.3333333333333
508.80169500660156,1617.0
508.8946087646966,1628.0
508.98752216950436,1621.6666666666667
509.0804352202852,1629.6666666666667
509.173347916299,1628.3333333333333
509.2662602568063,1616.3333333333333
509.35917224106714,1609.6666666666667
509.45208386834196,1625.0
509.5449951378906,1676.6666666666667
509.63790604897343,1640.0
509.7308166008505,1615.0
509.82372679278234,1562.0
509.9166366240289,1603.6666666666667
510.0095460938505,1624.0
510.10245520150727,1665.0
510.19536394625925,1638.6666666666667
510.288272327367,1643.3333333333333
510.3811803440905,1654.3333333333333
510.47408799569,1665.0
510.5669952814256,1659.6666666666667
510.6599022005576,1620.0
510.75280875234614,1649.6666666666667
510.8457149360516,1669.0
510.93862075093386,1657.0
511.0315261962535,1654.3333333333333
511.12443127127034,1596.3333333333333
511.2173359752448,1584.6666666666667
511.310240307437,1613.6666666666667
511.4031442671074,1610.3333333333333
511.4960478535158,1601.6666666666667
511.5889510659226,1623.3333333333333
511.681853903588,1625.3333333333333
511.77475636577213,1621.6666666666667
511.8676584517353,1639.0
511.9605601607376,1636.0
512.0534614920394,1606.0
512.1463624449008,1617.3333333333333
512.2392630185817,1654.0
512.3321632123427,1658.3333333333333
512.425063025444,1639.6666666666667
512.5179624571457,1639.3333333333333
512.6108615067079,1648.0
512.7037601733907,1671.3333333333333
512.7966584564547,1647.0
512.8895563551598,1661.6666666666667
512.9824538687664,1646.6666666666667
513.0753509965346,1645.6666666666667
513.1682477377243,1644.3333333333333
513.2611440915961,1615.3333333333333
513.3540400574102,1641.0
513.4469356344266,1657.0
513.5398308219056,1632.0
513.6327256191074,1650.0
513.7256200252921,1654.0
513.81851403972,1611.0
513.9114076616513,1624.6666666666667
514.0043008903463,1669.6666666666667
514.0971937250649,1627.3333333333333
514.1900861650674,1654.6666666666667
514.2829782096144,1640.3333333333333
514.3758698579657,1644.6666666666667
514.4687611093814,1639.3333333333333
514.561651963122,1619.0
514.6545424184476,1639.3333333333333
514.7474324746182,1638.6666666666667
514.8403221308943,1622.6666666666667
514.9332113865361,1632.0
515.0261002408035,1627.6666666666667
515.118988692957,1634.3333333333333
515.2118767422565,1613.6666666666667
515.3047643879626,1641.6666666666667
515.3976516293351,1659.0
515.4905384656346,1642.3333333333333
515.583424896121,1637.6666666666667
515.6763109200544,1618.6666666666667
515.7691965366953,1666.6666666666667
515.8620817453038,1668.0
515.9549665451401,1640.3333333333333
516.0478509354645,1614.0
516.1407349155368,1596.6666666666667
516.2336184846175,1581.0
516.326501641967,1557.0
516.4193843868451,1633.6666666666667
516.5122667185123,1618.3333333333333
516.6051486362287,1637.6666666666667
516.6980301392543,1613.6666666666667
516.7909112268496,1623.6666666666667
516.8837918982747,1621.3333333333333
516.9766721527897,1630.3333333333333
517.069551989655,1635.3333333333333
517.1624314081306,1662.0
517.2553104074767,1619.3333333333333
517.3481889869537,1628.3333333333333
517.4410671458216,1675.6666666666667
517.5339448833408,1663.6666666666667
517.6268221987714,1609.0
517.7196990913734,1612.0
517.8125755604074,1594.6666666666667
517.9054516051331,1598.0
517.9983272248112,1590.6666666666667
518.0912024187016,1593.0
518.1840771860647,1623.6666666666667
518.2769515261604,1595.6666666666667
518.369825438249,1610.6666666666667
518.462698921591,1607.3333333333333
518.5555719754464,1646.3333333333333
518.6484445990753,1655.0
518.7413167917379,1621.6666666666667
518.8341885526945,1607.0
518.9270598812054,1612.6666666666667
519.0199307765306,1665.6666666666667
519.1128012379304,1645.3333333333333
519.2056712646648,1626.3333333333333
519.2985408559945,1643.3333333333333
519.3914100111792,1660.6666666666667
519.4842787294793,1613.3333333333333
519.577147010155,1613.3333333333333
519.6700148524666,1650.3333333333333
519.762882255674,1674.0
519.8557492190376,1644.6666666666667
519.9486157418175,1605.3333333333333
520.0414818232741,1587.0
520.1343474626676,1622.6666666666667
520.2272126592578,1663.3333333333333
520.3200774123054,1643.3333333333333
520.4129417210703,1622.6666666666667
520.5058055848128,1624.0
520.598669002793,1630.3333333333333
520.6915319742714,1674.0
520.7843944985078,1643.3333333333333
520.8772565747626,1651.0
520.9701182022959,1637.3333333333333
521.0629793803682,1621.6666666666667
521.1558401082393,1624.0
521.2487003851696,1627.3333333333333
521.3415602104193,1644.0
521.4344195832487,1646.3333333333333
521.5272785029176,1626.0
521.6201369686869,1625.6666666666667
521.712994979816,1654.6666666666667
521.8058525355656,1687.6666666666667
521.8987096351958,1649.6666666666667
521.9915662779667,1671.3333333333333
522.0844224631387,1652.6666666666667
522.177278189972,1616.3333333333333
522.2701334577264,1605.0
522.3629882656625,1602.6666666666667
522.4558426130402,1611.0
522.5486964991202,1659.6666666666667
522.6415499231622,1642.0
522.7344028844266,1606.3333333333333
522.8272553821735,1621.0
522.9201074156633,1608.3333333333333
523.0129589841562,1627.6666666666667
523.105810086912,1644.0
523.1986607231914,1682.0
523.2915108922542,1657.0
523.384360593361,1634.0
523.4772098257715,1641.3333333333333
523.5700585887464,1639.6666666666667
523.6629068815457,1628.0
523.7557547034294,1579.3333333333333
523.8486020536579,1606.6666666666667
523.9414489314914,1615.6666666666667
524.0342953361903,1631.6666666666667
524.1271412670144,1629.3333333333333
524.219986723224,1659.6666666666667
524.3128317040795,1617.3333333333333
524.405676208841,1611.6666666666667
524.4985202367686,1648.3333333333333
524.5913637871226,1623.0
524.6842068591633,1649.6666666666667
524.7770494521505,1625.0
524.8698915653448,1615.6666666666667
524.9627331980064,1599.3333333333333
525.0555743493953,1600.3333333333333
525.1484150187719,1637.3333333333333
525.241255205396,1648.6666666666667
525.3340949085283,1669.6666666666667
525.4269341274288,1623.0
525.5197728613576,1625.6666666666667
525.612611109575,1624.3333333333333
525.7054488713412,1566.3333333333333
525.7982861459163,1609.0
525.8911229325606,1642.0
525.9839592305343,1663.3333333333333
526.0767950390976,1714.6666666666667
526.1696303575108,1637.6666666666667
526.2624651850336,1606.3333333333333
526.3552995209269,1573.3333333333333
526.4481333644507,1649.3333333333333
526.5409667148648,1660.3333333333333
526.6337995714298,1653.3333333333333
526.7266319334058,1656.3333333333333
526.8194638000529,1661.0
526.9122951706313,1681.0
527.0051260444014,1670.0
527.0979564206234,1677.0
527.1907862985572,1656.6666666666667
527.2836156774631,1608.3333333333333
527.3764445566015,1624.3333333333333
527.4692729352325,1641.3333333333333
527.5621008126164,1636.6666666666667
527.6549281880131,1639.0
527.747755060683,1643.0
527.8405814298864,1613.6666666666667
527.9334072948832,1635.3333333333333
528.026232654934,1620.6666666666667
528.1190575092986,1609.3333333333333
528.2118818572374,1614.6666666666667
528.3047056980106,1647.3333333333333
528.3975290308783,1690.3333333333333
528.490351855101,1643.3333333333333
528.5831741699385,1645.0
528.6759959746513,1641.0
528.7688172684992,1610.0
528.861638050743,1657.3333333333333
528.9544583206425,1657.3333333333333
529.047278077458,1618.6666666666667
529.1400973204496,1579.0
529.2329160488777,1609.3333333333333
529.3257342620021,1650.0
529.4185519590835,1658.3333333333333
529.5113691393819,1639.6666666666667
529.6041858021574,1644.6666666666667
529.6970019466704,1671.0
529.7898175721808,1678.6666666666667
529.8826326779491,1644.0
529.9754472632353,1620.6666666666667
530.0682613272998,1642.0
530.1610748694027,1659.3333333333333
530.2538878888039,1659.6666666666667
530.3467003847642,1661.6666666666667
530.4395123565432,1634.0
530.5323238034016,1625.6666666666667
530.6251347245993,1658.6666666666667
530.7179451193967,1639.6666666666667
530.8107549870537,1605.6666666666667
530.9035643268306,1619.6666666666667
530.996373137988,1620.0
531.0891814197856,1611.6666666666667
531.1819891714838,1626.3333333333333
531.2747963923426,1643.6666666666667
531.3676030816226,1669.6666666666667
531.4604092385838,1634.3333333333333
531.5532148624864,1594.0
531.6460199525906,1658.3333333333333
531.7388245081564,1621.0
531.8316285284441,1618.0
531.9244320127141,1653.6666666666667
532.0172349602266,1644.6666666666667
532.1100373702416,1630.3333333333333
532.2028392420194,1639.6666666666667
532.2956405748201,1640.6666666666667
532.388441367904,1651.3333333333333
532.4812416205314,1625.6666666666667
532.5740413319623,1643.0
532.6668405014569,1657.3333333333333
532.7596391282756,1650.6666666666667
532.8524372116783,1644.3333333333333
532.9452347509256,1671.3333333333333
533.0380317452774,1608.0
533.1308281939939,1575.6666666666667
533.2236240963356,1626.3333333333333
533.3164194515622,1642.0
533.4092142589343,1630.3333333333333
533.502008517712,1650.3333333333333
533.5948022271556,1651.3333333333333
533.687595386525,1662.3333333333333
533.7803879950806,1651.6666666666667
533.8731800520825,1621.0
533.9659715567911,1614.3333333333333
534.0587625084665,1644.0
534.1515529063689,1626.6666666666667
534.2443427497585,1631.6666666666667
534.3371320378953,1641.6666666666667
534.4299207700399,1646.6666666666667
534.5227089454521,1627.6666666666667
534.6154965633923,1629.3333333333333
534.7082836231208,1639.6666666666667
